eall,t,r,Value_emit,Value_scc,product
CH4,2010,p1p3p5p6p8p9p10p14p15p28p29p31p33p43p46p58p74p75p77p80p85p90p92p94p96p98p99p101p102p103p111z122p123p127p129p130p131p132p134p101p105p12p13p18p20p23p28p29p31p34p41p45p54p55p58p63p65p75p79p81p82p85p88p94p96p97p98p99p101p108p109p111p115p121z122p123p2p9p10p12p20p21p23p24p25p26p28p29p31p33p34p35p36p37p38p43p45p46p50p51p52p53p54p56p57p58p63p64p65p67p69p70p72p76p77p79p81p82p83p87p89p90p92p93p94p96p97p98p99p101p103p105p107p108p109p112p114p115p116p117z122p123p125p126p127p130p132p2p5p10p12p13p20p23p24p25p28p31p32p33p34p36p40p41p43p45p46p48p50p51p53p54p55p57p58p60p63p64p65p67p69p70p72p73p74p75p76p77p78p79p80p81p82p83p84p85p87p89p90p91p92p94p95p96p97p98p99p101p102p103p105p107p108p109p110p111p112p113p114p115p116p117p118p121z122p123p125p126p127p130p131p132p1p2p5p6p9p10p11p12p13p14p15p25p27p28p31p33p34p35p36p40p41p43p44p45p47p48p50p51p53p54p55p56p57p58p59p60p62p63p64p65p66p67p68p70p72p76p78p79p80p81p83p84p85p86p87p88p89p90p91p92p94p95p96p97p98p99p101p102p103p104p105p106p107p111p112p115z122p123p125p126p127p128p130p131p132p133p134p1p3p5p6p8p9p10p11p12p13p14p15p17p22p23p25p26p27p28p30p31p32p33p34p35p36p38p39p40p41p42p43p44p45p46p47p48p50p51p52p53p54p55p56p58p59p60p62p63p64p65p66p67p68p69p70p71p72p75p76p77p78p79p80p81p82p83p84p85p86p87p88p89p90p91p92p93p94p95p96p97p98p99p101p102p103p104p105p106p107p108p109p110p111p112p113p114p115p116p117p118p120z122p123p125p126p127p128p131p132p134p1p9p10p11p12p13p15p20p21p25p28p30p31p32p33p34p36p37p38p39p40p41p42p43p44p45p46p47p48p50p51p52p53p54p55p57p58p59p60p62p63p64p65p66p67p68p69p70p71p72p73p74p75p76p77p78p79p80p81p82p83p84p85p86p87p89p90p91p92p94p95p96p97p98p99p101p102p103p105p106p107p109p110p111p112p113p114p115p116p118z122p123p124p125p126p127p128p129p130p131p132p133p134,225487732.77856702,800,180390186222.8536
CH4,2015,p3p5p6p8p9p10p14p15p16p25p28p29p31p33p43p46p58p63p66p70p74p75p76p77p78p79p80p85p90p92p94p96p97p98p99p101p102p103p111p112z122p123p127p129p130p131p132p134p101p105p107p12p13p18p20p23p28p29p31p34p37p40p41p45p54p55p58p63p65p75p79p81p82p85p88p94p96p97p98p99p101p108p109p116p118p121z122p123p2p12p20p21p23p24p25p26p28p29p31p33p34p35p36p37p38p43p45p46p50p51p52p53p54p56p57p58p63p64p65p67p69p70p72p76p77p79p81p82p83p87p89p90p92p93p94p96p97p98p99p101p103p105p107p108p109p112p114p115p116p117z122p123p125p126p127p130p2p5p12p24p28p31p33p34p36p40p41p43p45p48p50p51p53p54p55p57p58p60p63p64p65p67p70p72p74p75p79p80p81p82p83p84p85p87p89p90p91p92p94p98p99p101p102p103p105p107p108p109p111p112p115p117p123p126p127p130p131p132p1p2p5p6p9p10p11p12p13p14p15p24p25p27p28p31p33p34p35p36p38p40p41p43p44p45p47p48p50p51p53p54p55p56p57p58p59p60p62p63p64p65p66p67p68p70p72p76p78p79p80p81p83p84p85p86p87p88p89p90p91p92p94p95p96p97p98p99p100p101p102p103p104p105p106p107p109p111p112p115z122p123p125p126p127p128p130p131p132p133p134p1p3p5p6p8p9p10p11p12p13p14p15p17p18p22p23p24p25p26p27p28p30p31p32p33p34p35p36p38p39p40p41p42p43p44p45p46p47p48p50p51p52p53p54p55p56p58p59p60p62p63p64p65p66p67p68p69p70p71p72p73p75p76p77p78p79p80p81p82p83p84p85p86p87p88p89p90p91p92p93p94p95p96p97p98p99p101p102p103p104p105p106p107p108p109p110p111p112p113p114p115p116p117p118p120z122p123p125p126p127p128p131p132p134p1p9p10p11p12p15p20p21p25p28p30p31p32p33p34p36p37p38p39p40p41p42p43p44p45p46p47p48p50p51p52p53p54p55p57p58p59p62p63p64p65p66p67p68p69p70p71p72p73p74p75p76p77p78p79p80p81p82p83p84p85p87p89p90p91p92p94p95p96p97p98p99p101p102p103p105p106p107p109p110p111p112p113p114p115p116p118z122p123p124p125p126p127p128p129p130p131p132p133p134,233269853.925548,1200,279923824710.6576
CH4,2020,p3p5p6p8p9p10p14p15p16p25p28p29p31p33p43p46p58p63p66p70p74p75p76p77p78p79p80p85p92p94p96p97p98p99p101p102p103p111p112z122p123p127p129p130p131p132p133p134p101p105p107p12p18p23p29p34p37p40p41p45p54p55p58p63p65p75p79p81p82p85p88p96p97p99p101p109p116p118p121z122p123p2p12p20p21p23p24p25p26p28p29p31p33p34p35p36p37p38p43p45p46p50p51p52p53p54p56p57p58p63p64p65p67p69p70p72p76p77p79p81p82p83p87p89p90p92p93p94p96p97p98p99p101p103p105p107p108p109p112p114p115p116p117z122p123p125p126p127p130p12p24p36p40p41p43p48p50p51p55p57p58p65p67p70p72p75p80p81p82p84p85p90p92p103p105p107p111p112p123p130p132p1p2p5p6p9p10p11p12p13p14p15p24p25p27p28p31p33p34p35p36p38p40p41p43p45p47p48p50p51p53p54p55p56p57p58p59p60p62p63p64p65p66p67p68p70p72p76p78p79p80p81p83p84p85p86p87p88p89p90p91p92p94p95p96p97p98p99p100p101p102p103p104p105p106p107p108p109p111p112p114p115z122p123p125p126p127p128p130p131p132p133p134p1p3p5p6p8p9p10p11p12p13p14p15p17p18p22p23p24p25p26p27p28p30p31p32p33p34p35p36p38p39p40p41p42p43p44p45p46p47p48p50p51p52p53p54p55p56p58p59p60p61p62p63p64p65p66p67p68p69p70p71p72p73p74p75p76p77p78p79p80p81p82p83p84p85p86p87p88p89p90p91p92p93p94p95p96p97p98p99p101p102p103p104p105p106p107p108p109p110p111p112p113p114p115p116p117p118p120z122p123p125p126p127p128p131p132p134p1p9p10p11p12p15p20p21p25p28p30p31p32p33p34p36p37p38p39p40p41p42p43p44p45p46p47p48p50p51p52p53p54p55p57p58p59p62p63p64p65p66p67p68p69p70p71p72p74p75p76p77p78p79p80p81p82p83p84p85p87p89p90p91p92p94p95p96p97p98p99p101p102p103p105p106p107p109p110p111p112p113p114p115p116p118z122p123p124p125p126p127p128p129p130p131p132p133p134,229784191.086989,1600,367654705739.1824
CH4,2023,p3p5p6p8p9p10p14p15p16p25p28p29p31p33p43p46p58p63p66p70p74p75p76p77p78p79p80p92p94p96p97p98p99p101p102p103p111p112z122p123p127p129p130p131p132p133p134p101p105p107p12p18p23p29p34p37p40p41p45p54p55p63p65p75p79p81p82p85p88p96p97p99p101p109p116p118p121z122p2p12p20p21p23p24p25p26p28p29p31p33p34p36p37p38p43p45p46p50p51p52p53p54p56p58p63p64p65p67p70p72p76p79p81p83p87p89p90p92p93p94p96p97p98p101p103p105p107p108p109p112p114p115p116p117z122p123p125p126p130p12p24p40p41p43p48p50p51p55p57p58p65p67p70p72p75p82p84p85p90p92p103p107p111p112p123p130p1p2p5p6p9p10p11p12p13p14p15p24p25p27p28p31p33p34p35p36p38p40p41p43p45p47p48p50p51p53p54p55p56p57p58p59p60p62p63p64p65p66p67p68p70p72p76p78p79p80p81p83p84p85p86p87p88p89p90p91p92p94p95p96p97p98p99p100p101p102p103p104p105p106p107p108p109p111p112p114p115z122p123p125p126p127p128p130p131p132p133p134p1p3p5p6p8p9p10p11p12p13p14p15p17p18p22p23p24p25p26p27p28p30p31p32p33p34p35p36p38p39p40p41p42p43p44p45p46p47p48p50p51p52p53p54p55p56p58p59p60p61p62p63p64p65p66p67p68p69p70p71p72p73p74p75p76p77p78p79p80p81p82p83p84p85p86p87p88p89p90p91p92p93p94p95p96p97p98p99p101p102p103p104p105p106p107p108p109p110p111p112p113p114p115p116p117p118p120z122p123p125p126p127p128p131p132p134p1p9p10p11p12p15p20p21p25p28p30p31p32p33p34p36p37p38p39p40p41p42p43p44p45p46p47p48p50p51p52p53p54p55p57p58p59p62p63p64p65p66p67p68p69p70p71p72p74p75p76p77p78p79p80p81p82p83p84p85p87p89p90p91p92p94p95p96p97p98p99p101p102p103p105p106p107p109p110p111p112p113p114p115p116p118z122p123p124p125p126p127p128p129p130p131p132p133p134,199224590.7663,1840,366573247009.992
CH4,2026,p3p5p6p8p9p10p14p15p16p25p28p29p31p33p43p46p58p63p66p70p74p75p76p77p78p79p80p92p94p96p97p98p99p101p102p103p111p112p115p117p118p121z122p123p125p126p127p129p130p131p132p133p134p101p105p107p12p18p23p29p34p37p40p41p45p54p55p63p65p75p79p81p82p85p88p96p97p101p109p116p121z122p20p21p23p24p25p26p28p29p31p33p34p36p37p38p43p45p46p50p52p53p54p56p63p64p65p67p70p72p76p81p83p87p89p90p92p93p94p96p97p98p101p103p105p107p108p109p112p114p115p116p117z122p123p126p130p24p40p41p43p48p50p51p55p57p58p65p67p70p72p75p82p84p85p90p92p107p111p112p123p130p1p2p5p6p9p10p11p12p13p14p15p24p25p27p28p30p31p33p34p35p36p38p40p41p43p44p45p46p47p48p50p51p53p54p55p56p57p58p59p60p62p63p64p65p66p67p68p70p72p74p76p78p79p80p81p82p83p84p85p86p87p88p89p90p91p92p94p95p96p97p98p99p100p101p102p103p104p105p106p107p108p109p111p112p114p115z122p123p125p126p127p128p130p131p132p133p134p1p3p5p6p8p9p10p11p12p13p14p15p17p18p22p23p24p25p26p27p28p30p31p32p33p34p35p36p38p39p40p41p42p43p44p45p46p47p48p50p51p52p53p54p55p56p58p59p60p61p62p63p64p65p66p67p68p69p70p71p72p73p74p75p76p78p79p80p81p82p83p84p85p86p87p88p89p90p91p92p93p94p95p96p97p98p99p101p102p103p104p105p106p107p108p109p110p111p112p113p114p115p116p117p118p120z122p123p125p126p127p128p131p132p134p1p9p10p11p12p15p20p21p25p28p30p31p32p33p34p36p37p38p39p40p41p42p43p44p45p46p47p48p50p51p52p53p54p55p57p58p59p62p63p64p65p66p67p68p69p70p71p72p74p75p76p77p78p79p80p81p82p83p84p85p87p89p90p91p92p94p95p96p97p98p99p101p102p103p105p106p107p109p110p111p112p113p114p115p116p118z122p123p124p125p126p127p128p129p130p131p132p133p134,184177167.619026,2080,383088508647.5741
CH4,2029,p5p6p8p9p10p15p16p25p28p29p31p33p43p46p63p66p70p74p75p76p77p78p79p80p92p94p96p97p98p101p102p103p111p112p115p117p121z122p123p125p126p127p129p130p131p132p133p134p101p105p107p12p18p23p29p34p37p40p41p45p54p55p63p65p75p79p81p82p85p88p96p97p101p109p116p121z122p20p21p23p24p25p26p28p29p31p33p36p37p38p43p45p46p50p52p53p54p56p63p64p65p67p70p72p76p87p89p90p93p94p96p97p98p101p103p105p107p108p109p112p115p116p117z122p126p40p41p43p48p50p51p55p67p70p72p75p82p84p85p92p107p111p112p123p1p2p5p6p9p10p11p12p13p14p15p24p25p27p28p30p31p33p34p35p36p38p40p41p43p44p45p46p47p48p50p51p53p54p55p56p57p58p59p60p61p62p63p64p65p66p67p68p70p72p74p75p76p77p78p79p80p81p82p83p84p85p86p87p88p89p90p91p92p94p95p96p97p98p99p100p101p102p103p104p105p106p107p108p109p111p112p114p115p116z122p123p125p126p127p128p130p131p132p133p134p9p10p11p131p133p1p3p4p5p6p8p9p10p11p12p13p14p15p17p18p20p21p22p23p24p25p26p27p28p30p31p32p33p34p35p36p38p39p40p41p42p43p44p45p46p47p48p50p51p52p53p54p55p56p58p59p60p61p62p63p64p65p66p67p68p69p70p71p72p73p74p75p76p78p79p80p81p82p83p84p85p86p87p88p89p90p91p92p93p94p95p96p97p98p99p100p101p102p103p104p105p106p107p108p109p110p111p112p113p114p115p116p117p118p120z122p123p125p126p127p128p131p132p1p9p10p11p12p15p20p21p25p28p30p31p32p33p34p36p37p38p39p40p41p42p43p44p45p46p47p48p50p51p52p53p54p57p58p59p62p63p64p65p66p67p68p69p70p71p72p75p76p77p78p79p80p81p82p83p84p85p87p89p90p91p92p94p95p96p97p98p99p101p102p103p105p106p107p109p110p111p112p113p114p115p116p118z122p123p124p125p126p127p128p131p132p133p134p131,159317457.201575,2320,369616500707.65405
CH4,2032,p5p6p8p9p10p15p16p25p28p29p33p43p46p63p66p70p75p76p77p78p79p80p92p94p96p97p98p101p102p103p111p112p115p117p121z122p123p125p126p127p129p130p131p132p133p134p101p105p107p12p18p23p29p34p37p40p41p45p54p55p63p65p79p81p82p85p88p96p97p101p109p116p121z122p20p21p23p24p25p26p28p29p33p36p37p38p43p45p46p50p52p53p54p56p63p64p65p67p70p72p76p87p89p90p93p94p96p97p98p101p103p105p107p108p109p112p115p116p117z122p126p40p41p43p48p50p51p55p67p70p72p84p107p111p112p123p1p2p5p6p9p10p11p12p13p14p15p24p25p27p28p30p31p33p34p35p36p38p40p41p43p44p45p46p47p48p50p51p53p54p55p56p57p58p59p60p61p62p63p64p65p66p67p68p70p72p74p75p76p77p78p79p80p81p82p83p84p85p86p87p88p89p90p91p92p94p95p96p97p98p99p100p101p102p103p104p105p106p107p108p109p110p111p112p113p114p115p116z122p123p125p126p127p128p130p131p132p133p134p9p10p11p131p1p3p4p5p6p8p9p10p11p12p13p14p15p17p18p20p21p22p23p24p25p26p27p28p30p31p32p33p34p35p36p38p40p41p42p43p44p45p46p47p48p50p51p52p53p54p55p56p58p59p60p61p62p63p64p65p66p67p68p69p70p71p72p73p74p75p76p78p79p80p81p82p83p84p85p86p87p88p89p90p91p92p93p94p95p96p97p98p99p100p101p102p103p104p105p106p107p108p109p110p111p112p113p114p115p116p117p118p120z122p123p125p126p127p128p131p132p9p10p11p12p20p25p28p30p31p34p36p37p38p40p41p42p43p44p45p46p47p48p50p51p52p53p54p57p58p62p63p64p65p66p67p68p69p70p71p72p75p76p77p78p79p80p81p82p83p84p85p87p89p90p91p92p94p95p96p97p98p99p101p102p103p105p106p107p110p111p112p113p114p118z122p123p124p125p126p127p128p131p132p133p134p131,142220886.041105,2580,366929885986.0509
CH4,2035,p5p6p9p10p15p16p25p28p29p33p43p46p63p66p70p75p76p77p78p79p80p92p94p96p97p98p101p102p103p111p112p115p117p121z122p123p125p126p127p129p130p131p132p133p134p101p105p107p12p18p23p29p34p37p40p41p45p54p55p63p65p79p81p82p85p88p96p97p101p109p116p121z122p20p21p23p24p25p26p28p33p36p37p38p43p45p46p50p52p53p54p56p63p64p65p67p70p72p76p87p89p90p93p94p96p97p98p101p103p105p107p108p109p112p115p116p117z122p126p40p41p43p48p50p51p55p67p70p72p84p107p111p112p123p1p2p5p6p9p10p11p12p13p14p15p24p25p27p28p30p31p33p34p35p36p38p40p41p43p44p45p46p47p48p50p51p53p54p55p56p57p58p59p60p61p62p63p64p65p66p67p68p70p72p74p75p76p77p78p79p80p81p82p83p84p85p86p87p88p89p90p91p92p94p95p96p97p98p99p100p101p102p103p104p105p106p107p108p109p110p111p112p113p114p115p116z122p123p125p126p127p128p130p131p132p133p134p9p10p11p131p1p3p4p5p6p8p9p10p11p12p13p14p15p17p18p20p21p22p23p24p25p26p27p28p30p31p32p33p34p35p36p38p40p41p42p43p44p45p46p47p48p50p51p52p53p54p55p56p58p59p60p61p62p63p64p65p66p67p68p69p70p71p72p73p74p75p76p78p79p80p81p82p83p84p85p86p87p88p89p90p91p92p93p94p95p96p97p98p99p100p101p102p103p104p105p106p107p108p109p110p111p112p113p114p115p116p117p118p120z122p123p125p126p127p128p130p131p132p9p10p11p12p20p25p28p30p31p34p36p37p38p40p41p42p43p44p45p46p47p50p51p52p53p54p57p58p62p63p64p65p66p67p68p69p70p71p72p75p76p77p78p79p80p81p82p83p84p85p87p89p90p91p92p94p95p96p97p98p99p101p102p103p105p106p107p110p111p112p113p114p118z122p123p124p125p126p127p128p131p132p133p134p131,126995988.205599,2850,361938566385.95715
CH4,2038,p5p6p9p10p15p16p25p28p29p33p43p46p63p66p70p75p76p77p78p79p80p92p94p96p97p98p101p102p103p111p112p115p117p121z122p123p125p126p127p130p131p132p133p134p101p105p107p12p18p23p29p34p37p40p41p45p54p55p63p65p79p81p82p85p88p96p97p101p109p116p121z122p20p23p24p25p26p28p33p36p37p38p43p45p46p50p52p53p54p56p63p64p65p67p70p72p76p87p89p90p93p94p96p97p98p101p103p105p107p108p109p112p115p116p117z122p126p40p41p43p48p50p51p55p67p70p72p84p123p1p2p5p6p9p10p11p12p13p14p15p24p25p27p28p30p31p33p34p35p36p38p40p41p43p44p45p46p47p48p50p51p53p54p55p56p57p58p59p60p61p62p63p64p65p66p67p68p70p72p74p75p76p77p78p79p80p81p82p83p84p85p86p87p88p89p90p91p92p94p95p96p97p98p99p100p101p102p103p104p105p106p107p108p109p110p111p112p113p114p115p116z122p123p125p126p127p128p130p131p132p133p134p9p10p11p131p132p1p3p4p5p6p8p9p10p11p12p13p14p15p17p18p20p21p22p23p24p25p26p27p28p30p31p32p33p34p35p36p38p40p41p42p43p44p45p46p47p48p50p51p52p53p54p55p56p57p58p59p60p61p62p63p64p65p66p67p68p69p70p71p72p73p74p75p76p78p79p80p81p82p83p84p85p86p87p88p89p90p91p92p93p94p95p96p97p98p99p100p101p102p103p104p105p106p107p108p109p110p111p112p113p114p115p116p117p118p120z122p123p125p126p127p128p130p131p132p133p134p9p10p11p12p20p25p28p30p31p34p36p37p38p40p41p42p43p44p45p46p47p50p51p52p53p54p57p58p62p63p64p65p66p67p68p69p70p71p72p75p76p77p78p79p80p81p82p83p84p85p87p89p90p91p92p94p95p96p97p98p99p101p102p103p105p106p107p111p112p113p114p118z122p123p124p125p126p127p128p131p132p133p134p131p111,131813774.974242,3120,411258977919.6351
CH4,2041,p5p6p9p10p15p16p25p28p29p33p43p46p63p66p70p75p76p77p78p79p80p92p94p96p97p98p101p102p103p111p112p115p117p121z122p123p125p126p127p130p131p132p133p134p101p105p107p12p23p29p34p37p40p41p45p54p55p63p65p79p81p82p85p88p96p97p101p109p116p121z122p20p23p24p25p26p28p33p36p37p38p43p45p46p50p52p53p54p56p63p64p65p67p70p72p76p87p89p90p93p94p96p97p98p101p103p105p107p108p109p112p115p116p117z122p126p40p41p43p50p51p55p67p70p72p84p128p1p2p5p6p9p10p11p12p13p14p15p24p25p27p28p30p31p33p34p35p36p38p40p41p43p44p45p46p47p48p50p51p53p54p55p56p57p58p59p60p61p62p63p64p65p66p67p68p70p72p74p75p76p77p78p79p80p81p82p83p84p85p86p87p88p89p90p91p92p94p95p96p97p98p99p100p101p102p103p104p105p106p107p108p109p110p111p112p113p114p115p116z122p123p125p126p130p131p132p133p134p9p10p11p131p132p1p3p4p5p6p8p9p10p11p12p13p14p15p17p18p20p21p22p23p24p25p26p27p28p30p31p32p33p34p35p36p37p38p39p40p41p42p43p44p45p46p47p48p50p51p52p53p54p55p56p57p58p59p60p61p62p63p64p65p66p67p68p69p70p71p72p73p74p75p76p77p78p79p80p81p82p83p84p85p86p87p88p89p90p91p92p93p94p95p96p97p98p99p100p101p102p103p104p105p106p107p108p109p110p111p112p113p114p115p116p117p118p120z122p123p125p126p130p131p132p133p134p9p10p11p12p20p25p28p31p34p36p37p38p40p41p42p43p44p45p46p47p50p51p52p53p54p57p58p62p63p64p65p66p67p68p69p70p71p72p75p76p77p78p79p80p81p82p83p84p85p87p89p90p91p92p94p95p96p97p98p99p101p102p103p105p106p107p111p112p114p118z122p123p124p125p126p131p132p133p134p131p111,131908532.752153,3390,447169926029.79865
CH4,2044,p5p6p9p10p15p16p25p28p29p33p43p46p63p66p70p75p76p77p78p79p80p92p94p96p97p98p101p102p103p111p112p115p117p121z122p123p125p126p127p130p131p132p133p134p101p105p107p12p23p29p34p37p40p41p45p54p55p63p65p79p81p82p85p88p96p97p101p109p116p121z122p20p23p24p25p26p28p33p36p37p38p43p45p46p50p52p53p54p56p63p64p65p67p70p72p76p87p89p90p94p96p97p98p101p103p105p107p108p109p112p115p116p117z122p126p40p41p43p50p51p55p67p70p72p84p128p1p2p5p6p9p10p11p12p13p14p15p24p25p27p28p30p31p33p34p35p36p38p40p41p43p44p45p46p47p48p50p51p53p54p55p56p57p58p59p60p61p62p63p64p65p66p67p68p70p72p74p75p76p77p78p79p80p81p82p83p84p85p86p87p88p89p90p91p92p94p95p96p97p98p99p100p101p102p103p104p105p106p107p108p109p110p111p112p113p114p115p116z122p123p125p126p130p131p132p133p134p9p10p11p131p132p1p3p4p5p6p8p9p10p11p12p13p14p15p17p18p20p21p22p23p24p25p26p27p28p30p31p32p33p34p35p36p37p38p39p40p41p42p43p44p45p46p47p48p50p51p52p53p54p55p56p57p58p59p60p61p62p63p64p65p66p67p68p69p70p71p72p73p74p75p76p77p78p79p80p81p82p83p84p85p86p87p88p89p90p91p92p93p94p95p96p97p98p99p100p101p102p103p104p105p106p107p108p109p110p111p112p113p114p115p116p117p118p120z122p123p125p126p130p131p132p133p134p9p10p11p12p20p25p28p31p34p36p37p38p40p41p42p43p44p45p46p47p50p51p52p53p54p57p58p62p63p64p65p66p67p68p69p70p71p72p75p76p77p78p80p81p82p83p84p85p87p89p90p91p92p94p95p96p97p98p99p101p102p103p105p106p107p111p112p114p118z122p123p124p125p126p131p132p133p134p131p111,130726592.624363,3660,478459329005.1686
CH4,2047,p5p6p9p10p15p16p25p28p29p33p43p46p63p66p70p75p76p77p78p79p80p92p94p96p97p98p101p102p103p111p112p115p117p121z122p123p125p126p127p130p131p132p133p134p41p101p105p107p12p23p29p34p37p40p41p45p54p55p63p65p79p85p88p96p97p101p109p116p121z122p20p23p24p25p26p28p33p36p37p38p43p45p46p50p52p53p54p56p63p64p65p67p70p72p76p87p89p94p96p97p98p101p103p107p108p109p112p115p116p117z122p126p40p41p43p50p51p55p67p70p72p84p127p128p1p2p3p5p6p9p10p11p12p13p14p15p24p25p27p28p30p31p33p34p35p36p38p40p41p43p44p45p46p47p48p50p51p53p54p55p56p57p58p59p60p61p62p63p64p65p66p67p68p70p72p74p75p76p77p78p79p84p85p86p87p88p89p90p91p92p94p95p96p97p98p101p102p103p104p105p106p107p108p109p110p111p112p113p114p115p116z122p123p125p126p130p131p132p133p134p9p10p11p131p132p1p3p4p5p6p8p9p10p11p12p13p14p15p17p18p20p21p22p23p24p25p26p27p28p30p31p32p33p34p35p36p37p38p39p40p41p42p43p44p45p46p47p48p50p51p52p53p54p55p56p57p58p59p60p61p62p63p64p65p66p67p68p69p70p71p72p73p74p75p76p77p78p79p84p85p86p87p88p89p90p91p92p93p94p95p96p97p98p101p102p103p104p105p106p107p108p109p110p111p112p113p114p115p116p117p120z122p123p125p126p130p131p132p133p134p9p10p11p12p25p28p34p36p37p38p40p41p42p43p44p45p46p47p50p51p52p53p54p57p58p62p63p64p65p66p67p68p69p70p71p72p75p76p77p78p87p89p91p92p94p95p96p97p98p101p102p103p105p106p107p111p112p114z122p123p125p126p131p132p133p134p131p120z122p131p18p111p32,135034665.202415,3930,530686234245.4909
CH4,2050,p5p6p9p10p15p16p25p28p33p43p46p55p63p66p70p75p76p77p78p79p80p94p96p97p98p101p102p103p111p112p115p117p121z122p123p125p126p127p130p131p132p133p134p101p105p107p12p23p29p34p37p40p41p45p54p55p63p65p79p85p88p96p97p101p109p116p121z122p20p23p24p25p26p28p33p36p37p38p43p45p46p50p52p53p54p56p63p64p65p67p70p72p76p87p89p94p98p101p103p107p108p109p115p116p117z122p126p40p41p43p50p51p55p67p70p72p84p127p128p1p2p3p4p5p6p9p10p11p12p13p14p15p24p25p27p28p30p31p33p34p35p36p38p40p41p43p44p45p46p47p48p50p51p53p54p55p56p57p58p59p60p61p62p63p64p65p66p67p68p70p72p74p75p76p77p78p79p84p85p86p87p88p89p90p91p92p94p95p96p97p98p101p102p103p104p105p106p107p108p109p110p111p112p113p114p115p116z122p123p125p126p130p131p132p133p134p9p10p11p131p132p1p3p4p5p6p8p9p10p11p12p13p14p15p17p18p20p21p22p23p24p25p26p27p28p30p31p32p33p34p35p36p37p38p39p40p41p42p43p44p45p46p47p48p50p51p52p53p54p55p56p57p58p59p60p61p62p63p64p65p66p67p68p69p70p71p72p73p74p75p76p77p78p79p84p85p86p87p88p89p90p91p92p93p94p95p96p97p98p101p102p103p104p105p106p107p108p109p110p111p112p113p114p115p116p117p120z122p123p125p126p130p131p132p133p134p9p10p11p25p28p34p36p37p38p40p41p42p43p44p45p46p47p50p51p52p53p54p58p62p63p64p65p66p67p68p69p70p71p72p75p76p77p78p92p94p95p96p97p98p101p102p103p105p106p107p111p112p114z122p123p125p126p131p132p133p134p131p111p113p111p133,134678403.985254,4200,565649296738.0668
CO2,2010,p1p3p5p6p8p9p10p14p15p28p29p31p33p43p46p58p74p75p77p80p85p90p92p94p96p98p99p101p102p103p111z122p123p127p129p130p131p132p134p101p105p12p13p18p20p23p28p29p31p34p41p45p54p55p58p63p65p75p79p81p82p85p88p94p96p97p98p99p101p108p109p111p115p121z122p123p2p9p10p12p20p21p23p24p25p26p28p29p31p33p34p35p36p37p38p43p45p46p50p51p52p53p54p56p57p58p63p64p65p67p69p70p72p76p77p79p81p82p83p87p89p90p92p93p94p96p97p98p99p101p103p105p107p108p109p112p114p115p116p117z122p123p125p126p127p130p132p2p5p10p12p13p20p23p24p25p28p31p32p33p34p36p40p41p43p45p46p48p50p51p53p54p55p57p58p60p63p64p65p67p69p70p72p73p74p75p76p77p78p79p80p81p82p83p84p85p87p89p90p91p92p94p95p96p97p98p99p101p102p103p105p107p108p109p110p111p112p113p114p115p116p117p118p121z122p123p125p126p127p130p131p132p1p2p5p6p9p10p11p12p13p14p15p25p27p28p31p33p34p35p36p40p41p43p44p45p47p48p50p51p53p54p55p56p57p58p59p60p62p63p64p65p66p67p68p70p72p76p78p79p80p81p83p84p85p86p87p88p89p90p91p92p94p95p96p97p98p99p101p102p103p104p105p106p107p111p112p115z122p123p125p126p127p128p130p131p132p133p134p1p3p5p6p8p9p10p11p12p13p14p15p17p22p23p25p26p27p28p30p31p32p33p34p35p36p38p39p40p41p42p43p44p45p46p47p48p50p51p52p53p54p55p56p58p59p60p62p63p64p65p66p67p68p69p70p71p72p75p76p77p78p79p80p81p82p83p84p85p86p87p88p89p90p91p92p93p94p95p96p97p98p99p101p102p103p104p105p106p107p108p109p110p111p112p113p114p115p116p117p118p120z122p123p125p126p127p128p131p132p134p1p9p10p11p12p13p15p20p21p25p28p30p31p32p33p34p36p37p38p39p40p41p42p43p44p45p46p47p48p50p51p52p53p54p55p57p58p59p60p62p63p64p65p66p67p68p69p70p71p72p73p74p75p76p77p78p79p80p81p82p83p84p85p86p87p89p90p91p92p94p95p96p97p98p99p101p102p103p105p106p107p109p110p111p112p113p114p115p116p118z122p123p124p125p126p127p128p129p130p131p132p133p134,2370439552.120944,150,355565932818.1416
CO2,2015,p3p5p6p8p9p10p14p15p16p25p28p29p31p33p43p46p58p63p66p70p74p75p76p77p78p79p80p85p90p92p94p96p97p98p99p101p102p103p111p112z122p123p127p129p130p131p132p134p101p105p107p12p13p18p20p23p28p29p31p34p37p40p41p45p54p55p58p63p65p75p79p81p82p85p88p94p96p97p98p99p101p108p109p116p118p121z122p123p2p12p20p21p23p24p25p26p28p29p31p33p34p35p36p37p38p43p45p46p50p51p52p53p54p56p57p58p63p64p65p67p69p70p72p76p77p79p81p82p83p87p89p90p92p93p94p96p97p98p99p101p103p105p107p108p109p112p114p115p116p117z122p123p125p126p127p130p2p5p12p24p28p31p33p34p36p40p41p43p45p48p50p51p53p54p55p57p58p60p63p64p65p67p70p72p74p75p79p80p81p82p83p84p85p87p89p90p91p92p94p98p99p101p102p103p105p107p108p109p111p112p115p117p123p126p127p130p131p132p1p2p5p6p9p10p11p12p13p14p15p24p25p27p28p31p33p34p35p36p38p40p41p43p44p45p47p48p50p51p53p54p55p56p57p58p59p60p62p63p64p65p66p67p68p70p72p76p78p79p80p81p83p84p85p86p87p88p89p90p91p92p94p95p96p97p98p99p100p101p102p103p104p105p106p107p109p111p112p115z122p123p125p126p127p128p130p131p132p133p134p1p3p5p6p8p9p10p11p12p13p14p15p17p18p22p23p24p25p26p27p28p30p31p32p33p34p35p36p38p39p40p41p42p43p44p45p46p47p48p50p51p52p53p54p55p56p58p59p60p62p63p64p65p66p67p68p69p70p71p72p73p75p76p77p78p79p80p81p82p83p84p85p86p87p88p89p90p91p92p93p94p95p96p97p98p99p101p102p103p104p105p106p107p108p109p110p111p112p113p114p115p116p117p118p120z122p123p125p126p127p128p131p132p134p1p9p10p11p12p15p20p21p25p28p30p31p32p33p34p36p37p38p39p40p41p42p43p44p45p46p47p48p50p51p52p53p54p55p57p58p59p62p63p64p65p66p67p68p69p70p71p72p73p74p75p76p77p78p79p80p81p82p83p84p85p87p89p90p91p92p94p95p96p97p98p99p101p102p103p105p106p107p109p110p111p112p113p114p115p116p118z122p123p124p125p126p127p128p129p130p131p132p133p134,1816382210.973999,170,308784975865.57983
CO2,2020,p3p5p6p8p9p10p14p15p16p25p28p29p31p33p43p46p58p63p66p70p74p75p76p77p78p79p80p85p92p94p96p97p98p99p101p102p103p111p112z122p123p127p129p130p131p132p133p134p101p105p107p12p18p23p29p34p37p40p41p45p54p55p58p63p65p75p79p81p82p85p88p96p97p99p101p109p116p118p121z122p123p2p12p20p21p23p24p25p26p28p29p31p33p34p35p36p37p38p43p45p46p50p51p52p53p54p56p57p58p63p64p65p67p69p70p72p76p77p79p81p82p83p87p89p90p92p93p94p96p97p98p99p101p103p105p107p108p109p112p114p115p116p117z122p123p125p126p127p130p12p24p36p40p41p43p48p50p51p55p57p58p65p67p70p72p75p80p81p82p84p85p90p92p103p105p107p111p112p123p130p132p1p2p5p6p9p10p11p12p13p14p15p24p25p27p28p31p33p34p35p36p38p40p41p43p45p47p48p50p51p53p54p55p56p57p58p59p60p62p63p64p65p66p67p68p70p72p76p78p79p80p81p83p84p85p86p87p88p89p90p91p92p94p95p96p97p98p99p100p101p102p103p104p105p106p107p108p109p111p112p114p115z122p123p125p126p127p128p130p131p132p133p134p1p3p5p6p8p9p10p11p12p13p14p15p17p18p22p23p24p25p26p27p28p30p31p32p33p34p35p36p38p39p40p41p42p43p44p45p46p47p48p50p51p52p53p54p55p56p58p59p60p61p62p63p64p65p66p67p68p69p70p71p72p73p74p75p76p77p78p79p80p81p82p83p84p85p86p87p88p89p90p91p92p93p94p95p96p97p98p99p101p102p103p104p105p106p107p108p109p110p111p112p113p114p115p116p117p118p120z122p123p125p126p127p128p131p132p134p1p9p10p11p12p15p20p21p25p28p30p31p32p33p34p36p37p38p39p40p41p42p43p44p45p46p47p48p50p51p52p53p54p55p57p58p59p62p63p64p65p66p67p68p69p70p71p72p74p75p76p77p78p79p80p81p82p83p84p85p87p89p90p91p92p94p95p96p97p98p99p101p102p103p105p106p107p109p110p111p112p113p114p115p116p118z122p123p124p125p126p127p128p129p130p131p132p133p134,1407891363.682501,190,267499359099.6752
CO2,2023,p3p5p6p8p9p10p14p15p16p25p28p29p31p33p43p46p58p63p66p70p74p75p76p77p78p79p80p92p94p96p97p98p99p101p102p103p111p112z122p123p127p129p130p131p132p133p134p101p105p107p12p18p23p29p34p37p40p41p45p54p55p63p65p75p79p81p82p85p88p96p97p99p101p109p116p118p121z122p2p12p20p21p23p24p25p26p28p29p31p33p34p36p37p38p43p45p46p50p51p52p53p54p56p58p63p64p65p67p70p72p76p79p81p83p87p89p90p92p93p94p96p97p98p101p103p105p107p108p109p112p114p115p116p117z122p123p125p126p130p12p24p40p41p43p48p50p51p55p57p58p65p67p70p72p75p82p84p85p90p92p103p107p111p112p123p130p1p2p5p6p9p10p11p12p13p14p15p24p25p27p28p31p33p34p35p36p38p40p41p43p45p47p48p50p51p53p54p55p56p57p58p59p60p62p63p64p65p66p67p68p70p72p76p78p79p80p81p83p84p85p86p87p88p89p90p91p92p94p95p96p97p98p99p100p101p102p103p104p105p106p107p108p109p111p112p114p115z122p123p125p126p127p128p130p131p132p133p134p1p3p5p6p8p9p10p11p12p13p14p15p17p18p22p23p24p25p26p27p28p30p31p32p33p34p35p36p38p39p40p41p42p43p44p45p46p47p48p50p51p52p53p54p55p56p58p59p60p61p62p63p64p65p66p67p68p69p70p71p72p73p74p75p76p77p78p79p80p81p82p83p84p85p86p87p88p89p90p91p92p93p94p95p96p97p98p99p101p102p103p104p105p106p107p108p109p110p111p112p113p114p115p116p117p118p120z122p123p125p126p127p128p131p132p134p1p9p10p11p12p15p20p21p25p28p30p31p32p33p34p36p37p38p39p40p41p42p43p44p45p46p47p48p50p51p52p53p54p55p57p58p59p62p63p64p65p66p67p68p69p70p71p72p74p75p76p77p78p79p80p81p82p83p84p85p87p89p90p91p92p94p95p96p97p98p99p101p102p103p105p106p107p109p110p111p112p113p114p115p116p118z122p123p124p125p126p127p128p129p130p131p132p133p134,1585709751.246275,202,320313369751.74756
CO2,2026,p3p5p6p8p9p10p14p15p16p25p28p29p31p33p43p46p58p63p66p70p74p75p76p77p78p79p80p92p94p96p97p98p99p101p102p103p111p112p115p117p118p121z122p123p125p126p127p129p130p131p132p133p134p101p105p107p12p18p23p29p34p37p40p41p45p54p55p63p65p75p79p81p82p85p88p96p97p101p109p116p121z122p20p21p23p24p25p26p28p29p31p33p34p36p37p38p43p45p46p50p52p53p54p56p63p64p65p67p70p72p76p81p83p87p89p90p92p93p94p96p97p98p101p103p105p107p108p109p112p114p115p116p117z122p123p126p130p24p40p41p43p48p50p51p55p57p58p65p67p70p72p75p82p84p85p90p92p107p111p112p123p130p1p2p5p6p9p10p11p12p13p14p15p24p25p27p28p30p31p33p34p35p36p38p40p41p43p44p45p46p47p48p50p51p53p54p55p56p57p58p59p60p62p63p64p65p66p67p68p70p72p74p76p78p79p80p81p82p83p84p85p86p87p88p89p90p91p92p94p95p96p97p98p99p100p101p102p103p104p105p106p107p108p109p111p112p114p115z122p123p125p126p127p128p130p131p132p133p134p1p3p5p6p8p9p10p11p12p13p14p15p17p18p22p23p24p25p26p27p28p30p31p32p33p34p35p36p38p39p40p41p42p43p44p45p46p47p48p50p51p52p53p54p55p56p58p59p60p61p62p63p64p65p66p67p68p69p70p71p72p73p74p75p76p78p79p80p81p82p83p84p85p86p87p88p89p90p91p92p93p94p95p96p97p98p99p101p102p103p104p105p106p107p108p109p110p111p112p113p114p115p116p117p118p120z122p123p125p126p127p128p131p132p134p1p9p10p11p12p15p20p21p25p28p30p31p32p33p34p36p37p38p39p40p41p42p43p44p45p46p47p48p50p51p52p53p54p55p57p58p59p62p63p64p65p66p67p68p69p70p71p72p74p75p76p77p78p79p80p81p82p83p84p85p87p89p90p91p92p94p95p96p97p98p99p101p102p103p105p106p107p109p110p111p112p113p114p115p116p118z122p123p124p125p126p127p128p129p130p131p132p133p134,1459555869.263491,214,312344956022.3871
CO2,2029,p5p6p8p9p10p15p16p25p28p29p31p33p43p46p63p66p70p74p75p76p77p78p79p80p92p94p96p97p98p101p102p103p111p112p115p117p121z122p123p125p126p127p129p130p131p132p133p134p101p105p107p12p18p23p29p34p37p40p41p45p54p55p63p65p75p79p81p82p85p88p96p97p101p109p116p121z122p20p21p23p24p25p26p28p29p31p33p36p37p38p43p45p46p50p52p53p54p56p63p64p65p67p70p72p76p87p89p90p93p94p96p97p98p101p103p105p107p108p109p112p115p116p117z122p126p40p41p43p48p50p51p55p67p70p72p75p82p84p85p92p107p111p112p123p1p2p5p6p9p10p11p12p13p14p15p24p25p27p28p30p31p33p34p35p36p38p40p41p43p44p45p46p47p48p50p51p53p54p55p56p57p58p59p60p61p62p63p64p65p66p67p68p70p72p74p75p76p77p78p79p80p81p82p83p84p85p86p87p88p89p90p91p92p94p95p96p97p98p99p100p101p102p103p104p105p106p107p108p109p111p112p114p115p116z122p123p125p126p127p128p130p131p132p133p134p9p10p11p131p133p1p3p4p5p6p8p9p10p11p12p13p14p15p17p18p20p21p22p23p24p25p26p27p28p30p31p32p33p34p35p36p38p39p40p41p42p43p44p45p46p47p48p50p51p52p53p54p55p56p58p59p60p61p62p63p64p65p66p67p68p69p70p71p72p73p74p75p76p78p79p80p81p82p83p84p85p86p87p88p89p90p91p92p93p94p95p96p97p98p99p100p101p102p103p104p105p106p107p108p109p110p111p112p113p114p115p116p117p118p120z122p123p125p126p127p128p131p132p1p9p10p11p12p15p20p21p25p28p30p31p32p33p34p36p37p38p39p40p41p42p43p44p45p46p47p48p50p51p52p53p54p57p58p59p62p63p64p65p66p67p68p69p70p71p72p75p76p77p78p79p80p81p82p83p84p85p87p89p90p91p92p94p95p96p97p98p99p101p102p103p105p106p107p109p110p111p112p113p114p115p116p118z122p123p124p125p126p127p128p131p132p133p134p131,1274585991.930048,226,288056434176.19086
CO2,2032,p5p6p8p9p10p15p16p25p28p29p33p43p46p63p66p70p75p76p77p78p79p80p92p94p96p97p98p101p102p103p111p112p115p117p121z122p123p125p126p127p129p130p131p132p133p134p101p105p107p12p18p23p29p34p37p40p41p45p54p55p63p65p79p81p82p85p88p96p97p101p109p116p121z122p20p21p23p24p25p26p28p29p33p36p37p38p43p45p46p50p52p53p54p56p63p64p65p67p70p72p76p87p89p90p93p94p96p97p98p101p103p105p107p108p109p112p115p116p117z122p126p40p41p43p48p50p51p55p67p70p72p84p107p111p112p123p1p2p5p6p9p10p11p12p13p14p15p24p25p27p28p30p31p33p34p35p36p38p40p41p43p44p45p46p47p48p50p51p53p54p55p56p57p58p59p60p61p62p63p64p65p66p67p68p70p72p74p75p76p77p78p79p80p81p82p83p84p85p86p87p88p89p90p91p92p94p95p96p97p98p99p100p101p102p103p104p105p106p107p108p109p110p111p112p113p114p115p116z122p123p125p126p127p128p130p131p132p133p134p9p10p11p131p1p3p4p5p6p8p9p10p11p12p13p14p15p17p18p20p21p22p23p24p25p26p27p28p30p31p32p33p34p35p36p38p40p41p42p43p44p45p46p47p48p50p51p52p53p54p55p56p58p59p60p61p62p63p64p65p66p67p68p69p70p71p72p73p74p75p76p78p79p80p81p82p83p84p85p86p87p88p89p90p91p92p93p94p95p96p97p98p99p100p101p102p103p104p105p106p107p108p109p110p111p112p113p114p115p116p117p118p120z122p123p125p126p127p128p131p132p9p10p11p12p20p25p28p30p31p34p36p37p38p40p41p42p43p44p45p46p47p48p50p51p52p53p54p57p58p62p63p64p65p66p67p68p69p70p71p72p75p76p77p78p79p80p81p82p83p84p85p87p89p90p91p92p94p95p96p97p98p99p101p102p103p105p106p107p110p111p112p113p114p118z122p123p124p125p126p127p128p131p132p133p134p131,1147461666.975551,238,273095876740.18112
CO2,2035,p5p6p9p10p15p16p25p28p29p33p43p46p63p66p70p75p76p77p78p79p80p92p94p96p97p98p101p102p103p111p112p115p117p121z122p123p125p126p127p129p130p131p132p133p134p101p105p107p12p18p23p29p34p37p40p41p45p54p55p63p65p79p81p82p85p88p96p97p101p109p116p121z122p20p21p23p24p25p26p28p33p36p37p38p43p45p46p50p52p53p54p56p63p64p65p67p70p72p76p87p89p90p93p94p96p97p98p101p103p105p107p108p109p112p115p116p117z122p126p40p41p43p48p50p51p55p67p70p72p84p107p111p112p123p1p2p5p6p9p10p11p12p13p14p15p24p25p27p28p30p31p33p34p35p36p38p40p41p43p44p45p46p47p48p50p51p53p54p55p56p57p58p59p60p61p62p63p64p65p66p67p68p70p72p74p75p76p77p78p79p80p81p82p83p84p85p86p87p88p89p90p91p92p94p95p96p97p98p99p100p101p102p103p104p105p106p107p108p109p110p111p112p113p114p115p116z122p123p125p126p127p128p130p131p132p133p134p9p10p11p131p1p3p4p5p6p8p9p10p11p12p13p14p15p17p18p20p21p22p23p24p25p26p27p28p30p31p32p33p34p35p36p38p40p41p42p43p44p45p46p47p48p50p51p52p53p54p55p56p58p59p60p61p62p63p64p65p66p67p68p69p70p71p72p73p74p75p76p78p79p80p81p82p83p84p85p86p87p88p89p90p91p92p93p94p95p96p97p98p99p100p101p102p103p104p105p106p107p108p109p110p111p112p113p114p115p116p117p118p120z122p123p125p126p127p128p130p131p132p9p10p11p12p20p25p28p30p31p34p36p37p38p40p41p42p43p44p45p46p47p50p51p52p53p54p57p58p62p63p64p65p66p67p68p69p70p71p72p75p76p77p78p79p80p81p82p83p84p85p87p89p90p91p92p94p95p96p97p98p99p101p102p103p105p106p107p110p111p112p113p114p118z122p123p124p125p126p127p128p131p132p133p134p131,1001219040.563076,250,250304760140.769
CO2,2038,p5p6p9p10p15p16p25p28p29p33p43p46p63p66p70p75p76p77p78p79p80p92p94p96p97p98p101p102p103p111p112p115p117p121z122p123p125p126p127p130p131p132p133p134p125p101p105p107p12p18p23p29p34p37p40p41p45p54p55p63p65p79p81p82p85p88p96p97p101p109p116p121z122p20p23p24p25p26p28p33p36p37p38p43p45p46p50p52p53p54p56p63p64p65p67p70p72p76p87p89p90p93p94p96p97p98p101p103p105p107p108p109p112p115p116p117z122p126p40p41p43p48p50p51p55p67p70p72p84p123p1p2p5p6p9p10p11p12p13p14p15p24p25p27p28p30p31p33p34p35p36p38p40p41p43p44p45p46p47p48p50p51p53p54p55p56p57p58p59p60p61p62p63p64p65p66p67p68p70p72p74p75p76p77p78p79p80p81p82p83p84p85p86p87p88p89p90p91p92p94p95p96p97p98p99p100p101p102p103p104p105p106p107p108p109p110p111p112p113p114p115p116z122p123p125p126p127p128p130p131p132p133p134p9p10p11p131p132p1p3p4p5p6p8p9p10p11p12p13p14p15p17p18p20p21p22p23p24p25p26p27p28p30p31p32p33p34p35p36p38p40p41p42p43p44p45p46p47p48p50p51p52p53p54p55p56p57p58p59p60p61p62p63p64p65p66p67p68p69p70p71p72p73p74p75p76p78p79p80p81p82p83p84p85p86p87p88p89p90p91p92p93p94p95p96p97p98p99p100p101p102p103p104p105p106p107p108p109p110p111p112p113p114p115p116p117p118p120z122p123p125p126p127p128p130p131p132p133p134p9p10p11p12p20p25p28p30p31p34p36p37p38p40p41p42p43p44p45p46p47p50p51p52p53p54p57p58p62p63p64p65p66p67p68p69p70p71p72p75p76p77p78p79p80p81p82p83p84p85p87p89p90p91p92p94p95p96p97p98p99p101p102p103p105p106p107p111p112p113p114p118z122p123p124p125p126p127p128p131p132p133p134p131p111,989192847.602157,262,259168526071.76514
CO2,2041,p5p6p9p10p15p16p25p28p29p33p43p46p63p66p70p75p76p77p78p79p80p92p94p96p97p98p101p102p103p111p112p115p117p121z122p123p125p126p127p130p131p132p133p134p125p101p105p107p12p23p29p34p37p40p41p45p54p55p63p65p79p81p82p85p88p96p97p101p109p116p121z122p20p23p24p25p26p28p33p36p37p38p43p45p46p50p52p53p54p56p63p64p65p67p70p72p76p87p89p90p93p94p96p97p98p101p103p105p107p108p109p112p115p116p117z122p126p40p41p43p50p51p55p67p70p72p84p128p1p2p5p6p9p10p11p12p13p14p15p24p25p27p28p30p31p33p34p35p36p38p40p41p43p44p45p46p47p48p50p51p53p54p55p56p57p58p59p60p61p62p63p64p65p66p67p68p70p72p74p75p76p77p78p79p80p81p82p83p84p85p86p87p88p89p90p91p92p94p95p96p97p98p99p100p101p102p103p104p105p106p107p108p109p110p111p112p113p114p115p116z122p123p125p126p130p131p132p133p134p9p10p11p131p132p1p3p4p5p6p8p9p10p11p12p13p14p15p17p18p20p21p22p23p24p25p26p27p28p30p31p32p33p34p35p36p37p38p39p40p41p42p43p44p45p46p47p48p50p51p52p53p54p55p56p57p58p59p60p61p62p63p64p65p66p67p68p69p70p71p72p73p74p75p76p77p78p79p80p81p82p83p84p85p86p87p88p89p90p91p92p93p94p95p96p97p98p99p100p101p102p103p104p105p106p107p108p109p110p111p112p113p114p115p116p117p118p120z122p123p125p126p130p131p132p133p134p9p10p11p12p20p25p28p31p34p36p37p38p40p41p42p43p44p45p46p47p50p51p52p53p54p57p58p62p63p64p65p66p67p68p69p70p71p72p75p76p77p78p79p80p81p82p83p84p85p87p89p90p91p92p94p95p96p97p98p99p101p102p103p105p106p107p111p112p114p118z122p123p124p125p126p131p132p133p134p131p111,979992098.138875,274,268517834890.05176
CO2,2044,p5p6p9p10p15p16p25p28p29p33p43p46p63p66p70p75p76p77p78p79p80p92p94p96p97p98p101p102p103p111p112p115p117p121z122p123p125p126p127p130p131p132p133p134p10p125p101p105p107p12p23p29p34p37p40p41p45p54p55p63p65p79p81p82p85p88p96p97p101p109p116p121z122p20p23p24p25p26p28p33p36p37p38p43p45p46p50p52p53p54p56p63p64p65p67p70p72p76p87p89p90p94p96p97p98p101p103p105p107p108p109p112p115p116p117z122p126p40p41p43p50p51p55p67p70p72p84p128p1p2p5p6p9p10p11p12p13p14p15p24p25p27p28p30p31p33p34p35p36p38p40p41p43p44p45p46p47p48p50p51p53p54p55p56p57p58p59p60p61p62p63p64p65p66p67p68p70p72p74p75p76p77p78p79p80p81p82p83p84p85p86p87p88p89p90p91p92p94p95p96p97p98p99p100p101p102p103p104p105p106p107p108p109p110p111p112p113p114p115p116z122p123p125p126p130p131p132p133p134p9p10p11p131p132p1p3p4p5p6p8p9p10p11p12p13p14p15p17p18p20p21p22p23p24p25p26p27p28p30p31p32p33p34p35p36p37p38p39p40p41p42p43p44p45p46p47p48p50p51p52p53p54p55p56p57p58p59p60p61p62p63p64p65p66p67p68p69p70p71p72p73p74p75p76p77p78p79p80p81p82p83p84p85p86p87p88p89p90p91p92p93p94p95p96p97p98p99p100p101p102p103p104p105p106p107p108p109p110p111p112p113p114p115p116p117p118p120z122p123p125p126p130p131p132p133p134p9p10p11p12p20p25p28p31p34p36p37p38p40p41p42p43p44p45p46p47p50p51p52p53p54p57p58p62p63p64p65p66p67p68p69p70p71p72p75p76p77p78p80p81p82p83p84p85p87p89p90p91p92p94p95p96p97p98p99p101p102p103p105p106p107p111p112p114p118z122p123p124p125p126p131p132p133p134p131p111,938360155.50372,286,268371004474.06393
CO2,2047,p5p6p9p10p15p16p25p28p29p33p43p46p63p66p70p75p76p77p78p79p80p92p94p96p97p98p101p102p103p111p112p115p117p121z122p123p125p126p127p130p131p132p133p134p10p125p41p101p105p107p12p23p29p34p37p40p41p45p54p55p63p65p79p85p88p96p97p101p109p116p121z122p20p23p24p25p26p28p33p36p37p38p43p45p46p50p52p53p54p56p63p64p65p67p70p72p76p87p89p94p96p97p98p101p103p107p108p109p112p115p116p117z122p126p40p41p43p50p51p55p67p70p72p84p127p128p1p2p3p5p6p9p10p11p12p13p14p15p24p25p27p28p30p31p33p34p35p36p38p40p41p43p44p45p46p47p48p50p51p53p54p55p56p57p58p59p60p61p62p63p64p65p66p67p68p70p72p74p75p76p77p78p79p84p85p86p87p88p89p90p91p92p94p95p96p97p98p101p102p103p104p105p106p107p108p109p110p111p112p113p114p115p116z122p123p125p126p130p131p132p133p134p9p10p11p131p132p1p3p4p5p6p8p9p10p11p12p13p14p15p17p18p20p21p22p23p24p25p26p27p28p30p31p32p33p34p35p36p37p38p39p40p41p42p43p44p45p46p47p48p50p51p52p53p54p55p56p57p58p59p60p61p62p63p64p65p66p67p68p69p70p71p72p73p74p75p76p77p78p79p84p85p86p87p88p89p90p91p92p93p94p95p96p97p98p101p102p103p104p105p106p107p108p109p110p111p112p113p114p115p116p117p120z122p123p125p126p130p131p132p133p134p9p10p11p12p25p28p34p36p37p38p40p41p42p43p44p45p46p47p50p51p52p53p54p57p58p62p63p64p65p66p67p68p69p70p71p72p75p76p77p78p87p89p91p92p94p95p96p97p98p101p102p103p105p106p107p111p112p114z122p123p125p126p131p132p133p134p131p120z122p131p18p111p32,925054259.285002,298,275666169266.9306
CO2,2050,p5p6p9p10p15p16p25p28p33p43p46p55p63p66p70p75p76p77p78p79p80p94p96p97p98p101p102p103p111p112p115p117p121z122p123p125p126p127p130p131p132p133p134p10p55p125p101p105p107p12p23p29p34p37p40p41p45p54p55p63p65p79p85p88p96p97p101p109p116p121z122p20p23p24p25p26p28p33p36p37p38p43p45p46p50p52p53p54p56p63p64p65p67p70p72p76p87p89p94p98p101p103p107p108p109p115p116p117z122p126p40p41p43p50p51p55p67p70p72p84p127p128p1p2p3p4p5p6p9p10p11p12p13p14p15p24p25p27p28p30p31p33p34p35p36p38p40p41p43p44p45p46p47p48p50p51p53p54p55p56p57p58p59p60p61p62p63p64p65p66p67p68p70p72p74p75p76p77p78p79p84p85p86p87p88p89p90p91p92p94p95p96p97p98p101p102p103p104p105p106p107p108p109p110p111p112p113p114p115p116z122p123p125p126p130p131p132p133p134p9p10p11p131p132p1p3p4p5p6p8p9p10p11p12p13p14p15p17p18p20p21p22p23p24p25p26p27p28p30p31p32p33p34p35p36p37p38p39p40p41p42p43p44p45p46p47p48p50p51p52p53p54p55p56p57p58p59p60p61p62p63p64p65p66p67p68p69p70p71p72p73p74p75p76p77p78p79p84p85p86p87p88p89p90p91p92p93p94p95p96p97p98p101p102p103p104p105p106p107p108p109p110p111p112p113p114p115p116p117p120z122p123p125p126p130p131p132p133p134p9p10p11p25p28p34p36p37p38p40p41p42p43p44p45p46p47p50p51p52p53p54p58p62p63p64p65p66p67p68p69p70p71p72p75p76p77p78p92p94p95p96p97p98p101p102p103p105p106p107p111p112p114z122p123p125p126p131p132p133p134p131p111p113p111p133,868175075.538848,310,269134273417.0429
N2O,2010,p101p105p12p13p18p20p23p28p29p31p34p41p45p54p55p58p63p65p75p79p81p82p85p88p94p96p97p98p99p101p108p109p111p115p121z122p123p2p9p10p12p20p21p23p24p25p26p28p29p31p33p34p35p36p37p38p43p45p46p50p51p52p53p54p56p57p58p63p64p65p67p69p70p72p76p77p79p81p82p83p87p89p90p92p93p94p96p97p98p99p101p103p105p107p108p109p112p114p115p116p117z122p123p125p126p127p130p132p2p5p10p12p13p20p23p24p25p28p31p32p33p34p36p40p41p43p45p46p48p50p51p53p54p55p57p58p60p63p64p65p67p69p70p72p73p74p75p76p77p78p79p80p81p82p83p84p85p87p89p90p91p92p94p95p96p97p98p99p101p102p103p105p107p108p109p110p111p112p113p114p115p116p117p118p121z122p123p125p126p127p130p131p132p1p2p5p6p9p10p11p12p13p14p15p25p27p28p31p33p34p35p36p40p41p43p44p45p47p48p50p51p53p54p55p56p57p58p59p60p62p63p64p65p66p67p68p70p72p76p78p79p80p81p83p84p85p86p87p88p89p90p91p92p94p95p96p97p98p99p101p102p103p104p105p106p107p111p112p115z122p123p125p126p127p128p130p131p132p133p134p1p3p5p6p8p9p10p11p12p13p14p15p17p22p23p25p26p27p28p30p31p32p33p34p35p36p38p39p40p41p42p43p44p45p46p47p48p50p51p52p53p54p55p56p58p59p60p62p63p64p65p66p67p68p69p70p71p72p75p76p77p78p79p80p81p82p83p84p85p86p87p88p89p90p91p92p93p94p95p96p97p98p99p101p102p103p104p105p106p107p108p109p110p111p112p113p114p115p116p117p118p120z122p123p125p126p127p128p131p132p134p1p9p10p11p12p13p15p20p21p25p28p30p31p32p33p34p36p37p38p39p40p41p42p43p44p45p46p47p48p50p51p52p53p54p55p57p58p59p60p62p63p64p65p66p67p68p69p70p71p72p73p74p75p76p77p78p79p80p81p82p83p84p85p86p87p89p90p91p92p94p95p96p97p98p99p101p102p103p105p106p107p109p110p111p112p113p114p115p116p118z122p123p124p125p126p127p128p129p130p131p132p133p134,9141553.081569,42000,383945229425.89795
N2O,2015,p101p105p107p12p13p18p20p23p28p29p31p34p37p40p41p45p54p55p58p63p65p75p79p81p82p85p88p94p96p97p98p99p101p108p109p116p118p121z122p123p2p12p20p21p23p24p25p26p28p29p31p33p34p35p36p37p38p43p45p46p50p51p52p53p54p56p57p58p63p64p65p67p69p70p72p76p77p79p81p82p83p87p89p90p92p93p94p96p97p98p99p101p103p105p107p108p109p112p114p115p116p117z122p123p125p126p127p130p2p5p12p24p28p31p33p34p36p40p41p43p45p48p50p51p53p54p55p57p58p60p63p64p65p67p70p72p74p75p79p80p81p82p83p84p85p87p89p90p91p92p94p98p99p101p102p103p105p107p108p109p111p112p115p117p123p126p127p130p131p132p1p2p5p6p9p10p11p12p13p14p15p24p25p27p28p31p33p34p35p36p38p40p41p43p44p45p47p48p50p51p53p54p55p56p57p58p59p60p62p63p64p65p66p67p68p70p72p76p78p79p80p81p83p84p85p86p87p88p89p90p91p92p94p95p96p97p98p99p100p101p102p103p104p105p106p107p109p111p112p115z122p123p125p126p127p128p130p131p132p133p134p1p3p5p6p8p9p10p11p12p13p14p15p17p18p22p23p24p25p26p27p28p30p31p32p33p34p35p36p38p39p40p41p42p43p44p45p46p47p48p50p51p52p53p54p55p56p58p59p60p62p63p64p65p66p67p68p69p70p71p72p73p75p76p77p78p79p80p81p82p83p84p85p86p87p88p89p90p91p92p93p94p95p96p97p98p99p101p102p103p104p105p106p107p108p109p110p111p112p113p114p115p116p117p118p120z122p123p125p126p127p128p131p132p134p1p9p10p11p12p15p20p21p25p28p30p31p32p33p34p36p37p38p39p40p41p42p43p44p45p46p47p48p50p51p52p53p54p55p57p58p59p62p63p64p65p66p67p68p69p70p71p72p73p74p75p76p77p78p79p80p81p82p83p84p85p87p89p90p91p92p94p95p96p97p98p99p101p102p103p105p106p107p109p110p111p112p113p114p115p116p118z122p123p124p125p126p127p128p129p130p131p132p133p134,5642382.142777,48000,270834342853.296
N2O,2020,p101p105p107p12p18p23p29p34p37p40p41p45p54p55p58p63p65p75p79p81p82p85p88p96p97p99p101p109p116p118p121z122p123p2p12p20p21p23p24p25p26p28p29p31p33p34p35p36p37p38p43p45p46p50p51p52p53p54p56p57p58p63p64p65p67p69p70p72p76p77p79p81p82p83p87p89p90p92p93p94p96p97p98p99p101p103p105p107p108p109p112p114p115p116p117z122p123p125p126p127p130p12p24p36p40p41p43p48p50p51p55p57p58p65p67p70p72p75p80p81p82p84p85p90p92p103p105p107p111p112p123p130p132p1p2p5p6p9p10p11p12p13p14p15p24p25p27p28p31p33p34p35p36p38p40p41p43p45p47p48p50p51p53p54p55p56p57p58p59p60p62p63p64p65p66p67p68p70p72p76p78p79p80p81p83p84p85p86p87p88p89p90p91p92p94p95p96p97p98p99p100p101p102p103p104p105p106p107p108p109p111p112p114p115z122p123p125p126p127p128p130p131p132p133p134p1p3p5p6p8p9p10p11p12p13p14p15p17p18p22p23p24p25p26p27p28p30p31p32p33p34p35p36p38p39p40p41p42p43p44p45p46p47p48p50p51p52p53p54p55p56p58p59p60p61p62p63p64p65p66p67p68p69p70p71p72p73p74p75p76p77p78p79p80p81p82p83p84p85p86p87p88p89p90p91p92p93p94p95p96p97p98p99p101p102p103p104p105p106p107p108p109p110p111p112p113p114p115p116p117p118p120z122p123p125p126p127p128p131p132p134p1p9p10p11p12p15p20p21p25p28p30p31p32p33p34p36p37p38p39p40p41p42p43p44p45p46p47p48p50p51p52p53p54p55p57p58p59p62p63p64p65p66p67p68p69p70p71p72p74p75p76p77p78p79p80p81p82p83p84p85p87p89p90p91p92p94p95p96p97p98p99p101p102p103p105p106p107p109p110p111p112p113p114p115p116p118z122p123p124p125p126p127p128p129p130p131p132p133p134,3287209.978814,54000,177509338855.956
N2O,2023,p101p105p107p12p18p23p29p34p37p40p41p45p54p55p63p65p75p79p81p82p85p88p96p97p99p101p109p116p118p121z122p2p12p20p21p23p24p25p26p28p29p31p33p34p36p37p38p43p45p46p50p51p52p53p54p56p58p63p64p65p67p70p72p76p79p81p83p87p89p90p92p93p94p96p97p98p101p103p105p107p108p109p112p114p115p116p117z122p123p125p126p130p12p24p40p41p43p48p50p51p55p57p58p65p67p70p72p75p82p84p85p90p92p103p107p111p112p123p130p1p2p5p6p9p10p11p12p13p14p15p24p25p27p28p31p33p34p35p36p38p40p41p43p45p47p48p50p51p53p54p55p56p57p58p59p60p62p63p64p65p66p67p68p70p72p76p78p79p80p81p83p84p85p86p87p88p89p90p91p92p94p95p96p97p98p99p100p101p102p103p104p105p106p107p108p109p111p112p114p115z122p123p125p126p127p128p130p131p132p133p134p1p3p5p6p8p9p10p11p12p13p14p15p17p18p22p23p24p25p26p27p28p30p31p32p33p34p35p36p38p39p40p41p42p43p44p45p46p47p48p50p51p52p53p54p55p56p58p59p60p61p62p63p64p65p66p67p68p69p70p71p72p73p74p75p76p77p78p79p80p81p82p83p84p85p86p87p88p89p90p91p92p93p94p95p96p97p98p99p101p102p103p104p105p106p107p108p109p110p111p112p113p114p115p116p117p118p120z122p123p125p126p127p128p131p132p134p1p9p10p11p12p15p20p21p25p28p30p31p32p33p34p36p37p38p39p40p41p42p43p44p45p46p47p48p50p51p52p53p54p55p57p58p59p62p63p64p65p66p67p68p69p70p71p72p74p75p76p77p78p79p80p81p82p83p84p85p87p89p90p91p92p94p95p96p97p98p99p101p102p103p105p106p107p109p110p111p112p113p114p115p116p118z122p123p124p125p126p127p128p129p130p131p132p133p134,4970604.828451,57600,286306838118.7776
N2O,2026,p101p105p107p12p18p23p29p34p37p40p41p45p54p55p63p65p75p79p81p82p85p88p96p97p101p109p116p121z122p20p21p23p24p25p26p28p29p31p33p34p36p37p38p43p45p46p50p52p53p54p56p63p64p65p67p70p72p76p81p83p87p89p90p92p93p94p96p97p98p101p103p105p107p108p109p112p114p115p116p117z122p123p126p130p24p40p41p43p48p50p51p55p57p58p65p67p70p72p75p82p84p85p90p92p107p111p112p123p130p1p2p5p6p9p10p11p12p13p14p15p24p25p27p28p30p31p33p34p35p36p38p40p41p43p44p45p46p47p48p50p51p53p54p55p56p57p58p59p60p62p63p64p65p66p67p68p70p72p74p76p78p79p80p81p82p83p84p85p86p87p88p89p90p91p92p94p95p96p97p98p99p100p101p102p103p104p105p106p107p108p109p111p112p114p115z122p123p125p126p127p128p130p131p132p133p134p1p3p5p6p8p9p10p11p12p13p14p15p17p18p22p23p24p25p26p27p28p30p31p32p33p34p35p36p38p39p40p41p42p43p44p45p46p47p48p50p51p52p53p54p55p56p58p59p60p61p62p63p64p65p66p67p68p69p70p71p72p73p74p75p76p78p79p80p81p82p83p84p85p86p87p88p89p90p91p92p93p94p95p96p97p98p99p101p102p103p104p105p106p107p108p109p110p111p112p113p114p115p116p117p118p120z122p123p125p126p127p128p131p132p134p1p9p10p11p12p15p20p21p25p28p30p31p32p33p34p36p37p38p39p40p41p42p43p44p45p46p47p48p50p51p52p53p54p55p57p58p59p62p63p64p65p66p67p68p69p70p71p72p74p75p76p77p78p79p80p81p82p83p84p85p87p89p90p91p92p94p95p96p97p98p99p101p102p103p105p106p107p109p110p111p112p113p114p115p116p118z122p123p124p125p126p127p128p129p130p131p132p133p134,4152728.915997,61200,254147009659.0164
N2O,2029,p101p105p107p12p18p23p29p34p37p40p41p45p54p55p63p65p75p79p81p82p85p88p96p97p101p109p116p121z122p20p21p23p24p25p26p28p29p31p33p36p37p38p43p45p46p50p52p53p54p56p63p64p65p67p70p72p76p87p89p90p93p94p96p97p98p101p103p105p107p108p109p112p115p116p117z122p126p40p41p43p48p50p51p55p67p70p72p75p82p84p85p92p107p111p112p123p1p2p5p6p9p10p11p12p13p14p15p24p25p27p28p30p31p33p34p35p36p38p40p41p43p44p45p46p47p48p50p51p53p54p55p56p57p58p59p60p61p62p63p64p65p66p67p68p70p72p74p75p76p77p78p79p80p81p82p83p84p85p86p87p88p89p90p91p92p94p95p96p97p98p99p100p101p102p103p104p105p106p107p108p109p111p112p114p115p116z122p123p125p126p127p128p130p131p132p133p134p9p10p11p131p133p1p3p4p5p6p8p9p10p11p12p13p14p15p17p18p20p21p22p23p24p25p26p27p28p30p31p32p33p34p35p36p38p39p40p41p42p43p44p45p46p47p48p50p51p52p53p54p55p56p58p59p60p61p62p63p64p65p66p67p68p69p70p71p72p73p74p75p76p78p79p80p81p82p83p84p85p86p87p88p89p90p91p92p93p94p95p96p97p98p99p100p101p102p103p104p105p106p107p108p109p110p111p112p113p114p115p116p117p118p120z122p123p125p126p127p128p131p132p1p9p10p11p12p15p20p21p25p28p30p31p32p33p34p36p37p38p39p40p41p42p43p44p45p46p47p48p50p51p52p53p54p57p58p59p62p63p64p65p66p67p68p69p70p71p72p75p76p77p78p79p80p81p82p83p84p85p87p89p90p91p92p94p95p96p97p98p99p101p102p103p105p106p107p109p110p111p112p113p114p115p116p118z122p123p124p125p126p127p128p131p132p133p134p131,3273806.599575,64800,212142667652.46
N2O,2032,p101p105p107p12p18p23p29p34p37p40p41p45p54p55p63p65p79p81p82p85p88p96p97p101p109p116p121z122p20p21p23p24p25p26p28p29p33p36p37p38p43p45p46p50p52p53p54p56p63p64p65p67p70p72p76p87p89p90p93p94p96p97p98p101p103p105p107p108p109p112p115p116p117z122p126p40p41p43p48p50p51p55p67p70p72p84p107p111p112p123p1p2p5p6p9p10p11p12p13p14p15p24p25p27p28p30p31p33p34p35p36p38p40p41p43p44p45p46p47p48p50p51p53p54p55p56p57p58p59p60p61p62p63p64p65p66p67p68p70p72p74p75p76p77p78p79p80p81p82p83p84p85p86p87p88p89p90p91p92p94p95p96p97p98p99p100p101p102p103p104p105p106p107p108p109p110p111p112p113p114p115p116z122p123p125p126p127p128p130p131p132p133p134p9p10p11p131p1p3p4p5p6p8p9p10p11p12p13p14p15p17p18p20p21p22p23p24p25p26p27p28p30p31p32p33p34p35p36p38p40p41p42p43p44p45p46p47p48p50p51p52p53p54p55p56p58p59p60p61p62p63p64p65p66p67p68p69p70p71p72p73p74p75p76p78p79p80p81p82p83p84p85p86p87p88p89p90p91p92p93p94p95p96p97p98p99p100p101p102p103p104p105p106p107p108p109p110p111p112p113p114p115p116p117p118p120z122p123p125p126p127p128p131p132p9p10p11p12p20p25p28p30p31p34p36p37p38p40p41p42p43p44p45p46p47p48p50p51p52p53p54p57p58p62p63p64p65p66p67p68p69p70p71p72p75p76p77p78p79p80p81p82p83p84p85p87p89p90p91p92p94p95p96p97p98p99p101p102p103p105p106p107p110p111p112p113p114p118z122p123p124p125p126p127p128p131p132p133p134p131,2984707.736683,68600,204750950736.4538
N2O,2035,p101p105p107p12p18p23p29p34p37p40p41p45p54p55p63p65p79p81p82p85p88p96p97p101p109p116p121z122p20p21p23p24p25p26p28p33p36p37p38p43p45p46p50p52p53p54p56p63p64p65p67p70p72p76p87p89p90p93p94p96p97p98p101p103p105p107p108p109p112p115p116p117z122p126p40p41p43p48p50p51p55p67p70p72p84p107p111p112p123p1p2p5p6p9p10p11p12p13p14p15p24p25p27p28p30p31p33p34p35p36p38p40p41p43p44p45p46p47p48p50p51p53p54p55p56p57p58p59p60p61p62p63p64p65p66p67p68p70p72p74p75p76p77p78p79p80p81p82p83p84p85p86p87p88p89p90p91p92p94p95p96p97p98p99p100p101p102p103p104p105p106p107p108p109p110p111p112p113p114p115p116z122p123p125p126p127p128p130p131p132p133p134p9p10p11p131p1p3p4p5p6p8p9p10p11p12p13p14p15p17p18p20p21p22p23p24p25p26p27p28p30p31p32p33p34p35p36p38p40p41p42p43p44p45p46p47p48p50p51p52p53p54p55p56p58p59p60p61p62p63p64p65p66p67p68p69p70p71p72p73p74p75p76p78p79p80p81p82p83p84p85p86p87p88p89p90p91p92p93p94p95p96p97p98p99p100p101p102p103p104p105p106p107p108p109p110p111p112p113p114p115p116p117p118p120z122p123p125p126p127p128p130p131p132p9p10p11p12p20p25p28p30p31p34p36p37p38p40p41p42p43p44p45p46p47p50p51p52p53p54p57p58p62p63p64p65p66p67p68p69p70p71p72p75p76p77p78p79p80p81p82p83p84p85p87p89p90p91p92p94p95p96p97p98p99p101p102p103p105p106p107p110p111p112p113p114p118z122p123p124p125p126p127p128p131p132p133p134p131,2567333.221654,72500,186131658569.915
N2O,2038,p101p105p107p12p18p23p29p34p37p40p41p45p54p55p63p65p79p81p82p85p88p96p97p101p109p116p121z122p20p23p24p25p26p28p33p36p37p38p43p45p46p50p52p53p54p56p63p64p65p67p70p72p76p87p89p90p93p94p96p97p98p101p103p105p107p108p109p112p115p116p117z122p126p40p41p43p48p50p51p55p67p70p72p84p123p1p2p5p6p9p10p11p12p13p14p15p24p25p27p28p30p31p33p34p35p36p38p40p41p43p44p45p46p47p48p50p51p53p54p55p56p57p58p59p60p61p62p63p64p65p66p67p68p70p72p74p75p76p77p78p79p80p81p82p83p84p85p86p87p88p89p90p91p92p94p95p96p97p98p99p100p101p102p103p104p105p106p107p108p109p110p111p112p113p114p115p116z122p123p125p126p127p128p130p131p132p133p134p9p10p11p131p132p1p3p4p5p6p8p9p10p11p12p13p14p15p17p18p20p21p22p23p24p25p26p27p28p30p31p32p33p34p35p36p38p40p41p42p43p44p45p46p47p48p50p51p52p53p54p55p56p57p58p59p60p61p62p63p64p65p66p67p68p69p70p71p72p73p74p75p76p78p79p80p81p82p83p84p85p86p87p88p89p90p91p92p93p94p95p96p97p98p99p100p101p102p103p104p105p106p107p108p109p110p111p112p113p114p115p116p117p118p120z122p123p125p126p127p128p130p131p132p133p134p9p10p11p12p20p25p28p30p31p34p36p37p38p40p41p42p43p44p45p46p47p50p51p52p53p54p57p58p62p63p64p65p66p67p68p69p70p71p72p75p76p77p78p79p80p81p82p83p84p85p87p89p90p91p92p94p95p96p97p98p99p101p102p103p105p106p107p111p112p113p114p118z122p123p124p125p126p127p128p131p132p133p134p131p111,2480228.118862,76400,189489428281.0568
N2O,2041,p101p105p107p12p23p29p34p37p40p41p45p54p55p63p65p79p81p82p85p88p96p97p101p109p116p121z122p20p23p24p25p26p28p33p36p37p38p43p45p46p50p52p53p54p56p63p64p65p67p70p72p76p87p89p90p93p94p96p97p98p101p103p105p107p108p109p112p115p116p117z122p126p40p41p43p50p51p55p67p70p72p84p128p1p2p5p6p9p10p11p12p13p14p15p24p25p27p28p30p31p33p34p35p36p38p40p41p43p44p45p46p47p48p50p51p53p54p55p56p57p58p59p60p61p62p63p64p65p66p67p68p70p72p74p75p76p77p78p79p80p81p82p83p84p85p86p87p88p89p90p91p92p94p95p96p97p98p99p100p101p102p103p104p105p106p107p108p109p110p111p112p113p114p115p116z122p123p125p126p130p131p132p133p134p9p10p11p131p132p1p3p4p5p6p8p9p10p11p12p13p14p15p17p18p20p21p22p23p24p25p26p27p28p30p31p32p33p34p35p36p37p38p39p40p41p42p43p44p45p46p47p48p50p51p52p53p54p55p56p57p58p59p60p61p62p63p64p65p66p67p68p69p70p71p72p73p74p75p76p77p78p79p80p81p82p83p84p85p86p87p88p89p90p91p92p93p94p95p96p97p98p99p100p101p102p103p104p105p106p107p108p109p110p111p112p113p114p115p116p117p118p120z122p123p125p126p130p131p132p133p134p9p10p11p12p20p25p28p31p34p36p37p38p40p41p42p43p44p45p46p47p50p51p52p53p54p57p58p62p63p64p65p66p67p68p69p70p71p72p75p76p77p78p79p80p81p82p83p84p85p87p89p90p91p92p94p95p96p97p98p99p101p102p103p105p106p107p111p112p114p118z122p123p124p125p126p131p132p133p134p131p111,2457130.226951,80400,197553270246.86038
N2O,2044,p101p105p107p12p23p29p34p37p40p41p45p54p55p63p65p79p81p82p85p88p96p97p101p109p116p121z122p20p23p24p25p26p28p33p36p37p38p43p45p46p50p52p53p54p56p63p64p65p67p70p72p76p87p89p90p94p96p97p98p101p103p105p107p108p109p112p115p116p117z122p126p40p41p43p50p51p55p67p70p72p84p128p1p2p5p6p9p10p11p12p13p14p15p24p25p27p28p30p31p33p34p35p36p38p40p41p43p44p45p46p47p48p50p51p53p54p55p56p57p58p59p60p61p62p63p64p65p66p67p68p70p72p74p75p76p77p78p79p80p81p82p83p84p85p86p87p88p89p90p91p92p94p95p96p97p98p99p100p101p102p103p104p105p106p107p108p109p110p111p112p113p114p115p116z122p123p125p126p130p131p132p133p134p9p10p11p131p132p1p3p4p5p6p8p9p10p11p12p13p14p15p17p18p20p21p22p23p24p25p26p27p28p30p31p32p33p34p35p36p37p38p39p40p41p42p43p44p45p46p47p48p50p51p52p53p54p55p56p57p58p59p60p61p62p63p64p65p66p67p68p69p70p71p72p73p74p75p76p77p78p79p80p81p82p83p84p85p86p87p88p89p90p91p92p93p94p95p96p97p98p99p100p101p102p103p104p105p106p107p108p109p110p111p112p113p114p115p116p117p118p120z122p123p125p126p130p131p132p133p134p9p10p11p12p20p25p28p31p34p36p37p38p40p41p42p43p44p45p46p47p50p51p52p53p54p57p58p62p63p64p65p66p67p68p69p70p71p72p75p76p77p78p80p81p82p83p84p85p87p89p90p91p92p94p95p96p97p98p99p101p102p103p105p106p107p111p112p114p118z122p123p124p125p126p131p132p133p134p131p111,2196915.840663,84600,185859080120.0898
N2O,2047,p41p101p105p107p12p23p29p34p37p40p41p45p54p55p63p65p79p85p88p96p97p101p109p116p121z122p20p23p24p25p26p28p33p36p37p38p43p45p46p50p52p53p54p56p63p64p65p67p70p72p76p87p89p94p96p97p98p101p103p107p108p109p112p115p116p117z122p126p40p41p43p50p51p55p67p70p72p84p127p128p1p2p3p5p6p9p10p11p12p13p14p15p24p25p27p28p30p31p33p34p35p36p38p40p41p43p44p45p46p47p48p50p51p53p54p55p56p57p58p59p60p61p62p63p64p65p66p67p68p70p72p74p75p76p77p78p79p84p85p86p87p88p89p90p91p92p94p95p96p97p98p101p102p103p104p105p106p107p108p109p110p111p112p113p114p115p116z122p123p125p126p130p131p132p133p134p9p10p11p131p132p1p3p4p5p6p8p9p10p11p12p13p14p15p17p18p20p21p22p23p24p25p26p27p28p30p31p32p33p34p35p36p37p38p39p40p41p42p43p44p45p46p47p48p50p51p52p53p54p55p56p57p58p59p60p61p62p63p64p65p66p67p68p69p70p71p72p73p74p75p76p77p78p79p84p85p86p87p88p89p90p91p92p93p94p95p96p97p98p101p102p103p104p105p106p107p108p109p110p111p112p113p114p115p116p117p120z122p123p125p126p130p131p132p133p134p9p10p11p12p25p28p34p36p37p38p40p41p42p43p44p45p46p47p50p51p52p53p54p57p58p62p63p64p65p66p67p68p69p70p71p72p75p76p77p78p87p89p91p92p94p95p96p97p98p101p102p103p105p106p107p111p112p114z122p123p125p126p131p132p133p134p131p120z122p131p18p111p32,1956100.743711,88800,173701746041.5368
N2O,2050,p101p105p107p12p23p29p34p37p40p41p45p54p55p63p65p79p85p88p96p97p101p109p116p121z122p20p23p24p25p26p28p33p36p37p38p43p45p46p50p52p53p54p56p63p64p65p67p70p72p76p87p89p94p98p101p103p107p108p109p115p116p117z122p126p40p41p43p50p51p55p67p70p72p84p127p128p1p2p3p4p5p6p9p10p11p12p13p14p15p24p25p27p28p30p31p33p34p35p36p38p40p41p43p44p45p46p47p48p50p51p53p54p55p56p57p58p59p60p61p62p63p64p65p66p67p68p70p72p74p75p76p77p78p79p84p85p86p87p88p89p90p91p92p94p95p96p97p98p101p102p103p104p105p106p107p108p109p110p111p112p113p114p115p116z122p123p125p126p130p131p132p133p134p9p10p11p131p132p1p3p4p5p6p8p9p10p11p12p13p14p15p17p18p20p21p22p23p24p25p26p27p28p30p31p32p33p34p35p36p37p38p39p40p41p42p43p44p45p46p47p48p50p51p52p53p54p55p56p57p58p59p60p61p62p63p64p65p66p67p68p69p70p71p72p73p74p75p76p77p78p79p84p85p86p87p88p89p90p91p92p93p94p95p96p97p98p101p102p103p104p105p106p107p108p109p110p111p112p113p114p115p116p117p120z122p123p125p126p130p131p132p133p134p9p10p11p25p28p34p36p37p38p40p41p42p43p44p45p46p47p50p51p52p53p54p58p62p63p64p65p66p67p68p69p70p71p72p75p76p77p78p92p94p95p96p97p98p101p102p103p105p106p107p111p112p114z122p123p125p126p131p132p133p134p131p111p113p111p133,1572106.603052,93000,146205914083.836
