,,damage_$,damage_$,damage_$,damage_$,damage_$,damage_$,mortality,mortality,mortality,mortality,mortality,mortality
,,count,mean,std,min,50%,max,count,mean,std,min,50%,max
state_abbr,year,,,,,,,,,,,,
AL,2010,6.0,2556913984.425,1344540620.9601688,1208937405.3799999,2445994697.75,4588672910.84,6.0,368.81703333333326,193.9406331618794,174.3807,352.8177,661.8841
AL,2015,6.0,869036228.1233335,452280668.9275166,416406966.92,834537055.855,1539594924.76,6.0,125.35243333333334,65.23831844150082,60.0639,120.3761,222.0758
AL,2020,6.0,388056917.3233333,209754776.18679792,179384523.31,370444110.65,719434827.04,6.0,55.97448333333333,30.25565580888418,25.875,53.434,103.77340000000001
AL,2023,6.0,1171733623.4283335,652231688.7797532,527422533.36,1113364627.545,2239604768.46,6.0,169.01433333333333,94.07991071421499,76.0769,160.59505000000001,323.0474
AL,2026,6.0,873964111.4016666,465406928.78766686,408675871.85,834946975.77,1592753771.83,6.0,126.06323333333334,67.13173632778067,58.948699999999995,120.43530000000001,229.7437
AL,2029,6.0,1004203550.1116667,560736831.4798822,451306324.61,954466818.245,1925537675.8000002,6.0,144.84933333333333,80.882380562856,65.0978,137.67515,277.7453
AL,2032,6.0,1198082015.595,670579969.5001024,537743474.7,1138911737.0249999,2302752144.53,6.0,172.81493333333333,96.72651336746647,77.56569999999999,164.27999999999997,332.156
AL,2035,6.0,998378996.8149999,532463984.11189544,466671203.36,954238966.145,1822914209.76,6.0,144.0092,76.80418840795076,67.314,137.64235,262.94259999999997
AL,2038,6.0,984293211.0733334,524950144.1518787,460074018.96,940756755.4649999,1797183132.54,6.0,141.97743333333335,75.72042046432828,66.3625,135.69755,259.2312
AL,2041,6.0,972650852.3716668,518899504.0838717,454486479.0,929563457.5350001,1776549399.38,6.0,140.29806666666664,74.84760682228034,65.5564,134.083,256.2548
AL,2044,6.0,960590447.35,512431939.3389222,448849703.38,918007212.8199999,1754375468.0800002,6.0,138.55848333333333,73.91470882284301,64.7435,132.41615,253.0564
AL,2047,6.0,820824678.0300001,442234077.23098475,381604906.79999995,785371249.5500001,1516699776.27,6.0,118.39823333333334,63.789187271752155,55.0439,113.28435,218.7734
AL,2050,6.0,611470329.3766667,329597348.6866605,284141726.06,585003153.0649999,1130452016.7099998,6.0,88.20035,47.542093108265654,40.985499999999995,84.38265,163.0598
AR,2010,6.0,2314717468.8083334,1122508773.5252101,1225894918.1000001,2262727219.505,3534905945.08,6.0,333.88186666666667,161.914141511996,176.8268,326.38265,509.8856
AR,2015,6.0,289430626.1283334,144974576.76390097,141536629.95,275180570.125,479744387.69,6.0,41.748349999999995,20.911552810898574,20.4157,39.69285,69.1998
AR,2020,6.0,180852335.25333333,90883238.37110838,88166144.14,171997156.115,301830673.98,6.0,26.08671666666667,13.10924797376519,12.717400000000001,24.809400000000004,43.537000000000006
AR,2023,6.0,1467596798.3216667,746308903.9986235,702033662.9699999,1387855432.275,2497448189.9700003,6.0,211.69061666666667,107.64984648693962,101.26339999999999,200.1886,360.2395
AR,2026,6.0,791324506.065,384947472.9056774,414131197.96000004,770002690.8100001,1222988092.91,6.0,114.14300000000001,55.525950338701996,59.7355,111.06745000000001,176.4075
AR,2029,6.0,203493551.82333335,101514696.06423217,100300535.4,194006989.43,334829038.69000006,6.0,29.352516666666663,14.64277143117609,14.4677,27.98415,48.2967
AR,2032,6.0,185998930.4183333,93070320.89429393,90751957.41,176348034.39999998,307118695.25,6.0,26.82905,13.424755140076112,13.090300000000001,25.436949999999996,44.2997
AR,2035,6.0,210916001.62333333,105681338.60409063,102453026.3,199482494.465,348757786.93999994,6.0,30.423150000000003,15.243811799251525,14.778099999999998,28.773950000000003,50.3059
AR,2038,6.0,212472846.37166667,106250118.57733668,103518556.41,201078956.195,349927405.61999995,6.0,30.647750000000002,15.325848318282416,14.931799999999999,29.004199999999997,50.474599999999995
AR,2041,6.0,221666101.52333334,110762382.24638079,108012538.45,209643294.115,364270816.07,6.0,31.973749999999995,15.976706793673092,15.58,30.23955,52.543499999999995
AR,2044,6.0,224334478.41666666,112169242.18147348,109156999.44,212046646.53000003,369066089.72,6.0,32.35868333333333,16.179646269979656,15.7451,30.58625,53.23519999999999
AR,2047,6.0,218675767.995,109417630.52449909,106260110.45,206605096.565,360226929.55999994,6.0,31.542483333333326,15.782805165421852,15.3273,29.80135,51.960300000000004
AR,2050,6.0,249737461.38333333,128974323.64276601,115416852.61,232455945.96499997,432624681.02,6.0,36.02291666666667,18.60362011452789,16.6482,33.53015,62.4031
AZ,2010,6.0,634305321.4616666,335333896.6993683,264175758.22,543222362.9549999,1047614258.3199999,6.0,91.49411666666667,48.3695215779696,38.1057,78.35600000000001,151.111
AZ,2015,6.0,356167576.6066666,185903583.13584307,152500236.94,310057563.53499997,586627561.31,6.0,51.37463333333333,26.81527536138062,21.9972,44.7235,84.6169
AZ,2020,6.0,175729228.43166667,98697359.88079962,66076373.86,146115183.435,314675023.02,6.0,25.34765,14.236416414498416,9.531,21.076,45.3897
AZ,2023,6.0,385670913.635,211505722.73208123,149729302.69,320890859.20500004,660594687.09,6.0,55.6304,30.508254481107237,21.5974,46.28635,95.2863
AZ,2026,6.0,367574382.3233333,203949653.38357022,139439636.12,302391937.41,633459920.14,6.0,53.020050000000005,29.418267817242402,20.1134,43.61794999999999,91.372
AZ,2029,6.0,443665989.54833335,235008128.25653306,183841584.98000002,377405532.43999994,725817995.8,6.0,63.995749999999994,33.89828684991323,26.5178,54.43814999999999,104.6942
AZ,2032,6.0,207801030.715,113919689.47528443,80828118.4,173343781.565,357215066.42,6.0,29.973866666666666,16.432078612356584,11.6589,25.00375,51.5257
AZ,2035,6.0,156672835.845,85549897.04980457,61592490.93,131785447.18,270634493.35999995,6.0,22.599,12.339989459801009,8.8842,19.0092,39.0371
AZ,2038,6.0,141564803.09,78526946.65698741,54197503.39,118098431.615,249117024.82000002,6.0,20.419766666666668,11.326923109064822,7.817699999999999,17.03495,35.9333
AZ,2041,6.0,231520308.6016667,121902965.46362914,97269113.99,199346705.335,382303735.15,6.0,33.39518333333333,17.583604744012725,14.0306,28.754200000000004,55.144600000000004
AZ,2044,6.0,140344212.37666667,78154047.33228417,53314249.949999996,116646373.905,247486037.32,6.0,20.243733333333335,11.273203812522272,7.6902,16.825499999999998,35.6982
AZ,2047,6.0,139213523.74833333,77682683.10731487,52716195.88,115616470.475,246141657.87,6.0,20.08055,11.205208838883816,7.603899999999999,16.6768,35.5043
AZ,2050,6.0,144557699.705,80789218.46175486,54633568.57,120055167.755,256294588.45000002,6.0,20.851449999999996,11.653308353038632,7.8803,17.3172,36.9687
CA,2010,6.0,628828741.5116667,311005368.18348247,315058607.19,602501206.66,1016274180.79,6.0,90.70416666666665,44.860324325161386,45.4451,86.90665,146.5904
CA,2015,6.0,493012409.59833336,240687160.8566999,256845786.04999998,480472899.325,773490165.36,6.0,71.1136,34.71738179039428,37.0482,69.305,111.5705
CA,2020,6.0,268791363.88166666,131151921.20376162,136838292.41,255432356.22,409281343.6,6.0,38.77125,18.917685178451407,19.7381,36.8444,59.035900000000005
CA,2023,6.0,216191409.44000003,106200211.78238906,107415827.44,202799229.515,333051346.64,6.0,31.184116666666668,15.31861717850755,15.494,29.25245,48.0402
CA,2026,6.0,150428041.91333333,73770108.89734781,76284312.26,144111523.005,236976482.9,6.0,21.6982,10.640804458686384,11.003699999999998,20.78705,34.1822
CA,2029,6.0,134468133.34,66894266.9621956,64661805.39,124705535.73500001,213981082.24,6.0,19.3961,9.64905736370139,9.327,17.9879,30.8653
CA,2032,6.0,139828551.45333335,71210789.12544532,63756363.05,126754834.07,230491521.69,6.0,20.1693,10.271653655376042,9.1965,18.283450000000002,33.2468
CA,2035,6.0,134304995.8633333,68317686.04336806,61545202.32,122237130.16,221872466.15,6.0,19.372583333333335,9.854344709500815,8.8774,17.63185,32.0035
CA,2038,6.0,144082374.90333334,75091949.79295711,62701151.88,128015367.435,243937319.19000003,6.0,20.782933333333336,10.83148282603387,9.0443,18.46535,35.1863
CA,2041,6.0,146388019.8866667,78556092.92479822,60466075.07,127472691.465,255906463.74,6.0,21.1155,11.331108748044032,8.7219,18.3871,36.9127
CA,2044,6.0,164917643.23666665,82479361.50816306,78082877.64,151561129.25,263390988.37,6.0,23.788233333333334,11.897073038973353,11.2629,21.8616,37.9923
CA,2047,6.0,177155801.35500002,97318161.92834218,69711354.86,150615518.24,313806163.02,6.0,25.553500000000003,14.037512019870185,10.0553,21.725250000000003,45.2643
CA,2050,6.0,139859524.8633333,75715050.70485288,57295578.0,121930150.865,248353184.76,6.0,20.173733333333335,10.921361631530504,8.2644,17.58755,35.8231
CO,2010,6.0,715280803.7416667,382932757.6938821,301548812.7,633839183.5450001,1266548971.35,6.0,103.17424999999999,55.235381650016684,43.4963,91.4268,182.6908
CO,2015,6.0,730974928.3699999,418431550.5182836,273682563.26,617567918.45,1366909697.75,6.0,105.43803333333334,60.35579161968358,39.4769,89.0798,197.1672
CO,2020,6.0,432181612.5683333,235316259.3102854,176574842.57,377868328.975,776164081.99,6.0,62.33918333333333,33.94269792585243,25.4697,54.5049,111.95620000000001
CO,2023,6.0,478012762.19,258542748.7383573,198037760.24,420752118.36,854850120.93,6.0,68.95003333333334,37.29298452227532,28.5656,60.69065,123.3062
CO,2026,6.0,607399628.9083333,328218392.0314709,253085114.41,536933378.5350001,1088496183.8,6.0,87.61316666666666,47.34322783827341,36.505700000000004,77.449,157.00799999999998
CO,2029,6.0,122979947.40500002,68530320.36902288,48033061.87,105373096.765,224411453.22,6.0,17.739,9.885069106688126,6.9284,15.1993,32.3698
CO,2032,6.0,154353508.605,81236250.00276314,67311325.74,138895094.75,269408343.52,6.0,22.264466666666664,11.717801002178978,9.7092,20.0347,38.8604
CO,2035,6.0,167707920.34333333,88241486.0162452,73153320.18,150910716.365,292589145.41999996,6.0,24.190700000000003,12.728223260769743,10.5519,21.7678,42.2039
CO,2038,6.0,123879682.79333334,68597898.03519197,49102999.9,106968811.105,225548051.32,6.0,17.868799999999997,9.894762716710291,7.0827,15.429499999999999,32.5337
CO,2041,6.0,123439761.73833334,68532843.3754982,48723490.94,106430634.36000001,225287854.35,6.0,17.80535,9.885401072642425,7.0280000000000005,15.3519,32.496300000000005
CO,2044,6.0,124054432.04833333,68993941.64500768,48812227.83,106821511.30499999,226710815.76,6.0,17.894016666666666,9.951922427032208,7.0408,15.4083,32.701499999999996
CO,2047,6.0,122221723.78333335,68058466.2681786,47984490.01,105147553.67,223572889.92999998,6.0,17.629649999999998,9.816947824604142,6.9215,15.166799999999999,32.2489
CO,2050,6.0,117775126.31500001,65623007.27128695,46195644.84,101292339.745,215570422.69,6.0,16.988233333333337,9.465614197011552,6.6634,14.610800000000001,31.0944
DC,2010,6.0,862890835.9816666,539921861.3636488,274930174.32,687209027.665,1716451733.99,6.0,124.46598333333331,77.87996640629518,39.656800000000004,99.1251,247.5862
DC,2015,6.0,249749771.32666668,156344658.06321266,79578072.23,198990027.40499997,497227596.07,6.0,36.02466666666667,22.551617856966867,11.4786,28.70295,71.72160000000001
DC,2020,6.0,219111021.95833334,135953548.51324403,69744539.52,173000989.07999998,428593050.21,6.0,31.605233333333334,19.61037261702762,10.0602,24.95415,61.8216
DC,2023,6.0,163587863.32166663,101081018.4459944,52042968.69,128537005.32,316960295.34,6.0,23.5964,14.580198369295253,7.5069,18.54055,45.7193
DC,2026,6.0,162260666.71833333,100299364.84362586,51623426.32,127553767.215,314677238.42,6.0,23.40498333333333,14.467491121464931,7.4463,18.39875,45.39
DC,2029,6.0,121158159.665,75045883.9362566,38557025.83,95473999.50999999,236084453.65,6.0,17.4762,10.824838736905045,5.5615000000000006,13.771450000000002,34.0535
DC,2032,6.0,109952996.85166667,67854694.24781045,34973767.120000005,86258913.255,212385362.81,6.0,15.859950000000003,9.787544380435781,5.0447,12.44225,30.6351
DC,2035,6.0,128804603.37500001,78324460.23480156,40687576.25,97672750.72,233321828.68,6.0,18.579183333333333,11.297723774710846,5.8689,14.08865,33.655100000000004
DC,2038,6.0,111952578.86333334,69228793.70280991,35619697.57,88047433.73,217311927.31,6.0,16.148349999999997,9.985751654182073,5.1379,12.7002,31.345699999999997
DC,2041,6.0,93997533.28666668,57731644.28121303,29877033.560000002,73261635.03999999,179241693.38,6.0,13.558483333333335,8.32738520195065,4.3096,10.567450000000001,25.8544
DC,2044,6.0,94137246.67666668,57795041.33868117,29919526.8,73328035.115,179302412.71,6.0,13.578633333333336,8.336548273396291,4.3156,10.577100000000002,25.863100000000003
DC,2047,6.0,81019387.00166668,49302480.69309557,25586956.16,61556606.68,147414921.34,6.0,11.686466666666668,7.111493282192333,3.6908000000000003,8.8791,21.2635
DC,2050,6.0,84370027.08333333,62440561.651168965,26219548.95,72665742.005,200329292.24,6.0,12.169816666666668,9.006643084838359,3.782,10.4815,28.8962
DE,2010,6.0,117174084.63333333,79713542.86808573,30509192.479999997,86188746.465,241498529.23,6.0,16.901533333333337,11.498120744307162,4.4007,12.432099999999998,34.8345
DE,2015,6.0,44574575.19,30770093.973789576,11496512.17,33051514.590000004,93950356.53,6.0,6.429533333333333,4.438339413188976,1.6582999999999999,4.7674,13.551599999999999
DE,2020,6.0,43397188.98,29981105.66051917,11187334.48,32191780.345,91573411.62,6.0,6.259733333333333,4.324557978645525,1.6137,4.64345,13.2088
DE,2023,6.0,38011364.685,26334774.3874634,9781867.8,28237727.945,80532600.38,6.0,5.482833333333335,3.7985993585355464,1.4109,4.07305,11.6162
DE,2026,6.0,60116333.96333333,40158527.40839981,15864650.77,43708543.905,119877814.26,6.0,8.671349999999999,5.792597421450933,2.2883,6.3046500000000005,17.2915
DE,2029,6.0,48135722.474999994,32907794.00031232,12492218.89,35505897.435,99989645.87,6.0,6.943250000000002,4.7467205381189235,1.8018999999999998,5.1215,14.4228
DE,2032,6.0,28937612.973333333,19635649.54189249,7547983.21,21253201.845,59387490.19,6.0,4.174049999999999,2.8323302432802575,1.0887,3.0656,8.5663
DE,2035,6.0,15452977.693333335,11188485.360923002,3879448.3,11714026.459999999,34585800.04,6.0,2.2289833333333333,1.6138735259203758,0.5596,1.6896499999999999,4.9887999999999995
DE,2038,6.0,14173207.614999996,10344584.118148573,3543332.67,10779656.89,32003151.65,6.0,2.044366666666667,1.492124018527504,0.5111,1.55485,4.6162
DE,2041,6.0,10766626.718333334,8302472.781647533,2619537.4299999997,8362633.245000001,25681080.18,6.0,1.5530000000000002,1.1975610982325704,0.37789999999999996,1.20625,3.7043
DE,2044,6.0,10901244.281666668,8472553.92493365,2642384.35,8491071.665,26190288.07,6.0,1.5724500000000001,1.2221067707037714,0.3812,1.2248,3.7778
DE,2047,6.0,11152520.828333333,8846968.339793185,2677326.55,8749384.809999999,27287069.36,6.0,1.6087000000000005,1.2761141986515157,0.3862,1.26205,3.936
DE,2050,6.0,7759714.171666667,6880144.742096751,1768849.23,6314213.375,20770604.44,6.0,1.1193000000000002,0.9924349469864512,0.2552,0.9108,2.9961
FL,2010,6.0,2124513702.5983331,1057163103.5881379,1022069209.1800001,1972498646.855,3389142338.83,6.0,306.4462833333334,152.48835766910753,147.4265,284.51910000000004,488.86019999999996
FL,2015,6.0,2355975032.8650002,1161987823.302271,1161271237.3600001,2212183832.06,3701855919.9300003,6.0,339.83296666666666,167.60872106977806,167.5052,319.0921,533.967
FL,2020,6.0,605360402.1149999,300955666.6032724,290785868.73,559567131.55,955903253.78,6.0,87.319,43.41073267154104,41.9439,80.7136,137.88240000000002
FL,2023,6.0,963347601.625,480355120.07730407,459600210.90999997,888530691.4200001,1531974078.73,6.0,138.9562,69.28786735655818,66.2942,128.16434999999998,220.97650000000002
FL,2026,6.0,814718480.5566667,405725833.0679296,389112220.59000003,749858843.08,1284691978.03,6.0,117.51745000000001,58.523140989552154,56.126599999999996,108.16195,185.3078
FL,2029,6.0,788409515.1733333,392814273.4769586,376308531.13,726033204.95,1246777787.67,6.0,113.7226,56.66069439468598,54.279900000000005,104.72525,179.839
FL,2032,6.0,1406842799.243333,694610112.3441756,690131503.08,1316050431.5,2207040263.6,6.0,202.92729999999997,100.19266184382967,99.5467,189.8311,318.35020000000003
FL,2035,6.0,824703943.6383333,412161883.8903285,391291702.64000005,758897950.57,1316753188.77,6.0,118.9578,59.45151312160188,56.4411,109.46574999999999,189.9325
FL,2038,6.0,800903395.0016667,399533452.50209105,380925964.3,736012493.29,1267581290.81,6.0,115.52468333333333,57.62990258094895,54.946,106.16460000000001,182.8397
FL,2041,6.0,1463164985.3666668,728787577.9379696,699198914.01,1348844069.95,2315750614.35,6.0,211.05121666666665,105.12264050164298,100.8543,194.56125,334.031
FL,2044,6.0,747565255.8133332,373333461.79015666,354427459.53000003,685617929.025,1183543145.29,6.0,107.83108333333332,53.85073546028565,51.1236,98.89564999999999,170.7179
FL,2047,6.0,683276125.7883333,341698527.6473575,322775422.26,625477735.0999999,1083444003.75,6.0,98.55783333333333,49.28762911107276,46.558099999999996,90.22085,156.2792
FL,2050,6.0,1179142218.5266666,582994131.5600165,575576470.66,1099390902.58,1849908639.61,6.0,170.08305,84.09290889835479,83.0227,158.57945,266.8366
GA,2010,6.0,2643242541.818333,1329604214.9369428,1317473502.65,2558081926.385,4448157281.68,6.0,381.26925,191.786117268198,190.0363,368.98545,641.6156
GA,2015,6.0,833398464.2366667,423389825.5208291,412793351.0,808010927.98,1427157020.5500002,6.0,120.21195,61.07101421475658,59.5426,116.54995,205.85750000000002
GA,2020,6.0,423166515.3433333,225894392.72201502,204301237.01,413259667.27,774987087.4200001,6.0,61.038833333333336,32.583721387690915,29.469,59.60980000000001,111.78649999999999
GA,2023,6.0,1599273691.7933333,833818881.9321476,780942291.0999999,1556862264.97,2845066607.3,6.0,230.68404999999998,120.2725816711315,112.6455,224.56644999999997,410.3811
GA,2026,6.0,1499883754.0133333,759330262.9596057,744501887.1,1453298194.73,2553383942.44,6.0,216.34776666666667,109.52809918450455,107.3892,209.62815,368.3078
GA,2029,6.0,1564234550.2766666,791879939.6847149,776461314.51,1515640477.7700002,2662768428.9,6.0,225.62991666666667,114.22316072344377,111.9991,218.6206,384.0858
GA,2032,6.0,1585197156.375,802564563.0161823,786822542.72,1535976800.095,2698873301.54,6.0,228.65363333333332,115.76431084652415,113.49369999999999,221.55395000000001,389.2936
GA,2035,6.0,1583729603.3866665,802284573.382017,785812365.25,1534713477.395,2699051084.16,6.0,228.44195,115.7239438486392,113.348,221.3717,389.3193
GA,2038,6.0,1590727029.9933336,806112962.1235936,789112644.0,1541591021.56,2712607291.52,6.0,229.45126666666667,116.27613422713479,113.824,222.36374999999998,391.2746
GA,2041,6.0,2884961855.9499993,1439067766.3182373,1446501219.04,2787200137.41,4773740050.37,6.0,416.13556666666665,207.57549727599996,208.64759999999998,402.03415,688.5785999999999
GA,2044,6.0,1600860547.8883333,811692344.4997083,793872075.4699999,1551562167.98,2732428682.6,6.0,230.9129833333333,117.08097790987938,114.5105,223.80205,394.13379999999995
GA,2047,6.0,1297826873.1983335,658903368.3342005,643084099.43,1258149038.1299999,2220064625.4900002,6.0,187.20248333333333,95.0422037082562,92.7604,181.47925,320.2288
GA,2050,6.0,914366990.3616667,465684710.6902957,452224501.83000004,886892287.22,1572210909.83,6.0,131.89104999999998,67.17175614553338,65.2302,127.92805,226.78040000000001
IA,2010,6.0,2032614484.41,1149057632.8118718,740854966.96,1627570229.205,3472990902.42,6.0,293.1905,165.74352760001216,106.8631,234.76575000000003,500.9548
IA,2015,6.0,1153471179.9933333,655898850.0741358,415807829.74,920619888.7049999,1985927539.71,6.0,166.38013333333333,94.60888266696033,59.9773,132.79295,286.4562
IA,2020,6.0,1020923105.23,571591475.7392504,381642280.57,837522466.55,1784460675.76,6.0,147.26106666666666,82.44813792610884,55.0491,120.80685,257.3962
IA,2023,6.0,757875457.9966666,428308325.0235704,276818428.82,610388379.62,1309246836.12,6.0,109.31826666666666,61.780520463870054,39.9291,88.04425,188.8499
IA,2026,6.0,1335082936.4683332,765875631.4366153,472840590.85,1055442351.1700001,2302257062.34,6.0,192.57636666666667,110.4722744800462,68.2039,152.24009999999998,332.0845
IA,2029,6.0,602306342.8433334,340429801.0500842,219952163.54,485086349.16999996,1040747754.86,6.0,86.87845,49.10463054082578,31.7265,69.9703,150.1205
IA,2032,6.0,1041799623.1283334,584192171.1333574,386381646.53999996,845049680.595,1791833206.97,6.0,150.27235,84.26560379074608,55.7329,121.89265,258.4593
IA,2035,6.0,1031505384.0099999,580633375.4109402,380622782.2,838369037.4000001,1795538168.31,6.0,148.78740000000002,83.75230244770586,54.902100000000004,120.92885000000001,258.99379999999996
IA,2038,6.0,1203878373.9416666,696661022.8755811,418837937.95,939334066.3500001,2062090653.5699997,6.0,173.6510833333333,100.48851285155764,60.4144,135.49245,297.4423
IA,2041,6.0,937917194.4466667,530989659.507418,341321931.36,753689786.6800001,1619824995.18,6.0,135.288,76.5915272643391,49.2334,108.71445,233.6484
IA,2044,6.0,860328300.5333334,486891124.39222884,313301817.0,691550129.01,1485476777.44,6.0,124.09634999999999,70.23065480890094,45.1916,99.7513,214.2696
IA,2047,6.0,894312654.8216666,505660555.470121,326393985.24,720268334.1099999,1546627173.74,6.0,128.99833333333333,72.93791953245353,47.0801,103.89365000000001,223.09
IA,2050,6.0,1279439415.0016668,714775145.110086,479076379.15,1046757998.4300001,2216456406.48,6.0,184.55028333333334,103.1013114108917,69.1036,150.98755,319.7085
ID,2010,6.0,1451553.4566666668,721960.4325930309,752061.38,1432477.9300000002,2396841.65,6.0,0.20933333333333337,0.1041333311993171,0.1084,0.2066,0.3457
ID,2015,6.0,2588307.8366666664,1262943.215640887,1373647.46,2556756.3049999997,4071093.66,6.0,0.37333333333333335,0.1821316410365499,0.1982,0.36875,0.5871000000000001
ID,2020,6.0,3172993.446666667,1548908.141691749,1611021.77,3007195.295,4818919.2,6.0,0.4577166666666666,0.2233759469295355,0.2324,0.4337,0.6950999999999999
ID,2023,6.0,2540385.935,1235113.147023807,1333101.18,2475658.665,3921944.49,6.0,0.3665,0.17814082070092752,0.1923,0.35714999999999997,0.5658
ID,2026,6.0,2628185.4783333335,1288786.1111285863,1382342.3900000001,2592240.125,4196056.44,6.0,0.3791166666666667,0.18586497697701593,0.1994,0.37395,0.6053
ID,2029,6.0,3102209.5933333333,1615173.8281386967,1396470.81,2843598.26,5394643.609999999,6.0,0.4474833333333333,0.23296471335089927,0.2015,0.41025,0.778
ID,2032,6.0,2243809.775,1088321.4897894477,1207104.4,2221946.4749999996,3449914.1799999997,6.0,0.32361666666666666,0.1570646162146862,0.1741,0.32045,0.4978
ID,2035,6.0,1775882.2916666667,881273.6467428332,881491.63,1694267.97,2887729.5,6.0,0.2561166666666666,0.12705843406349168,0.1272,0.24430000000000002,0.4165
ID,2038,6.0,3055907.5066666664,1633793.6115629806,1300510.77,2727511.94,5431586.130000001,6.0,0.44083333333333335,0.23569816856875803,0.18769999999999998,0.3934,0.7835000000000001
ID,2041,6.0,3804791.528333334,1932775.5032605254,1859092.56,3653136.98,6500909.31,6.0,0.5488333333333333,0.27881230006344176,0.2682,0.52705,0.9377
ID,2044,6.0,4290309.774999999,2140739.987845407,2036128.86,3929926.19,6754700.16,6.0,0.61885,0.30872012406061256,0.29369999999999996,0.5669,0.9742000000000001
ID,2047,6.0,4071055.9599999995,2045897.023402513,1895751.47,3688053.875,6438492.859999999,6.0,0.5872333333333334,0.29509936405669646,0.2735,0.532,0.9287
ID,2050,6.0,4468853.475,2214110.0501390616,2186623.63,4198103.655,7139378.149999999,6.0,0.6446,0.3193697105237126,0.3154,0.6055499999999999,1.0298
IL,2010,6.0,5386052077.263333,2660829954.302405,2695537424.34,5149117005.08,8665460493.6,6.0,776.9004500000001,383.80612779666114,388.8124,742.72425,1249.9323
IL,2015,6.0,2785517953.1066666,1387250477.646454,1359256102.04,2628241107.8450003,4532808299.25,6.0,401.79155,200.10124880295726,196.0633,379.1055,653.8261
IL,2020,6.0,992376267.5783333,496319006.654528,472949361.99,919645006.765,1603669481.74,6.0,143.14333333333332,71.59059781448026,68.2196,132.6524,231.3182
IL,2023,6.0,866449259.035,430765078.0809923,421185983.68,812672473.19,1395680378.54,6.0,124.97923333333331,62.134935911889905,60.753099999999996,117.22225,201.3173
IL,2026,6.0,711839488.2766666,355544372.56160367,340809862.98,661641488.37,1150169979.09,6.0,102.67789999999998,51.284756591681315,49.1594,95.43719999999999,165.904
IL,2029,6.0,289285056.1166667,147221972.64946473,130752527.6,258199460.44,463668245.05,6.0,41.727333333333334,21.235801776120123,18.8601,37.243449999999996,66.8809
IL,2032,6.0,357695145.8633333,181792569.1609909,162469314.52,321047275.55,577251924.83,6.0,51.595,26.22233948662857,23.4349,46.30890000000001,83.2646
IL,2035,6.0,370886901.3966667,186962540.8050627,171814329.28,336359493.81500006,594245367.12,6.0,53.497816666666665,26.968048895789007,24.7829,48.51745,85.7157
IL,2038,6.0,478187602.39166665,240988462.3177397,222914765.41,437401416.03999996,776138452.91,6.0,68.97523333333334,34.760890951163304,32.1539,63.0921,111.9526
IL,2041,6.0,451966181.21166676,230144213.73220354,205399316.68,407898205.125,740160195.01,6.0,65.193,33.196750438800485,29.6274,58.8365,106.763
IL,2044,6.0,499028350.9966667,247967207.7327539,240013092.08,461493478.615,787062897.47,6.0,71.98131666666667,35.76753222744989,34.6201,66.5672,113.5284
IL,2047,6.0,35212.85,17654.810724064984,17039.94,33216.575,58202.17,6.0,0.005083333333333333,0.002530941853671606,0.0025,0.0048000000000000004,0.0084
IL,2050,6.0,35212.85,17654.810724064984,17039.94,33216.575,58202.17,6.0,0.005083333333333333,0.002530941853671606,0.0025,0.0048000000000000004,0.0084
IN,2010,6.0,5906954117.785,2888169159.730339,3128619884.31,5838654939.059999,9349856448.13,6.0,852.0368666666667,416.5981787710199,451.2816,842.1852,1348.6515
IN,2015,6.0,3334175030.066667,1655010136.908098,1664806125.8600001,3197332751.215,5440159672.360001,6.0,480.93148333333335,238.72365982097725,240.13670000000002,461.193,784.7051
IN,2020,6.0,901090085.4833332,442520738.8762764,473955588.5,889921966.05,1444279182.49,6.0,129.97596666666666,63.83051677806366,68.3649,128.365,208.3272
IN,2023,6.0,2535879079.8116665,1239889934.9392939,1338339172.35,2500148928.56,4012615301.3199997,6.0,365.7828,178.84548730264348,193.0461,360.62895000000003,578.7917
IN,2026,6.0,1560361425.82,764480083.8124208,827879233.4,1547121740.1599998,2485046267.76,6.0,225.0712166666667,110.27097124753035,119.41569999999999,223.1615,358.4506
IN,2029,6.0,1554191387.2266667,757940441.856101,815437547.5600001,1521099731.645,2433448180.4300003,6.0,224.18128333333334,109.32756112456578,117.62129999999999,219.40805,351.0079
IN,2032,6.0,2412644792.0633335,1176224527.0820696,1260049276.32,2351606954.855,3766115707.25,6.0,348.00719999999995,169.66217929566977,181.7534,339.20295,543.2358
IN,2035,6.0,1746749960.0016668,855751675.5296637,923600622.8499999,1727735348.29,2781272755.98,6.0,251.9565,123.43621339655556,133.2229,249.21380000000002,401.1792
IN,2038,6.0,1697824412.5033333,831864432.485325,898792465.28,1680874991.755,2704239750.96,6.0,244.89930000000004,119.9906479040596,129.6444,242.45450000000002,390.0677
IN,2041,6.0,1751085486.2466667,858058372.339812,925356926.89,1731659815.32,2789846282.56,6.0,252.5818833333333,123.76897127334323,133.4763,249.7798,402.41599999999994
IN,2044,6.0,2052502892.085,1016917074.4289043,1048444250.93,1999697645.13,3354696985.98,6.0,296.0591833333333,146.6832016353395,151.2308,288.4423,483.8917
IN,2047,6.0,1631116695.1633332,799621236.729388,854586941.42,1603847929.59,2600242730.46,6.0,235.27716666666666,115.33977128187253,123.2682,231.34380000000002,375.0668
IN,2050,6.0,1488902666.0416667,730182244.89556,782145544.29,1467326188.5549998,2376912251.5299997,6.0,214.76378333333335,105.32370050926653,112.81899999999999,211.65155000000001,342.853
KS,2010,6.0,1020588211.6633334,563858559.3437997,428891515.59000003,922056570.44,1906962441.0,6.0,147.21266666666668,81.33268950474137,61.8645,133.00015000000002,275.0659
KS,2015,6.0,1016046928.7550001,556776112.5042475,415056945.35,892979565.0350001,1848860477.4199996,6.0,146.55771666666666,80.31109910368346,59.8691,128.80610000000001,266.6853
KS,2020,6.0,307838312.81666666,168080361.4296542,127124563.64,272274816.71500003,559958320.8399999,6.0,44.4035,24.244432348479513,18.3367,39.27375,80.77
KS,2023,6.0,579664578.7866666,317527411.1106556,237347944.97,510312844.745,1055552380.3100001,6.0,83.61258333333333,45.80111200691165,34.2358,73.6091,152.2561
KS,2026,6.0,741967892.1916667,416634766.9181986,308695805.63,671487026.64,1412802708.1699998,6.0,107.02376666666667,60.09663079343689,44.527300000000004,96.85740000000001,203.7869
KS,2029,6.0,407963630.9883334,223481039.51446164,167349485.18,359714638.5,743750660.12,6.0,58.8459,32.235588937073885,24.139,51.886300000000006,107.2808
KS,2032,6.0,582225783.085,319729524.90309817,239307668.44,515138205.3000001,1067413563.2200001,6.0,83.98195,46.11875134791705,34.518299999999996,74.30505,153.9669
KS,2035,6.0,628932560.0583333,344427800.2944856,257676881.56,553860228.6300001,1145133018.48,6.0,90.71916666666665,49.68126901739392,37.1682,79.89054999999999,165.17739999999998
KS,2038,6.0,671510199.835,368912058.873998,275358739.40999997,593176164.85,1230445130.17,6.0,96.86068333333334,53.21299916890296,39.7186,85.56155,177.4831
KS,2041,6.0,1099192838.17,598294051.8377343,440446324.96999997,942424237.1,1935329282.14,6.0,158.55088333333333,86.29972366946296,63.531400000000005,135.93805,279.1578
KS,2044,6.0,884160131.3283334,498591025.51373005,367343764.78999996,801162663.935,1692020513.93,6.0,127.53391666666668,71.91829442386455,52.9868,115.5621,244.06220000000002
KS,2047,6.0,689717739.6133333,374918828.0232513,286771639.7,611463983.585,1249080257.0,6.0,99.48698333333334,54.07946436393085,41.3648,88.1994,180.1712
KS,2050,6.0,1072622915.2283331,580859879.8242308,434665744.07,925157417.0749999,1884760661.6499999,6.0,154.71845,83.78499760414749,62.6975,133.4476,271.8636
KY,2010,6.0,4242264219.751667,2081851791.42675,2204700391.7400002,4150760813.065,6775541611.06,6.0,611.9170833333334,300.29264723672753,318.0127,598.7183,977.3248
KY,2015,6.0,2455505661.375,1193928130.2936153,1320062023.8700001,2438019940.9449997,3814057633.7499995,6.0,354.1895833333333,172.21582474847563,190.4098,351.66735,550.1513
KY,2020,6.0,2164154399.0816665,1053163572.5507078,1161334262.19,2148166264.73,3372411445.75,6.0,312.1642,151.91144880079315,167.5144,309.85795,486.4468
KY,2023,6.0,3153890309.7683334,1525159197.3252516,1678692975.5,3071025025.61,4699385857.29,6.0,454.9266833333333,219.99368165313672,242.13960000000003,442.97399999999993,677.8538
KY,2026,6.0,1783279781.2316666,864911400.5471212,959879545.87,1766359850.9650002,2740287239.58,6.0,257.22566666666665,124.75736253939752,138.456,254.7851,395.2672
KY,2029,6.0,1743877562.1466668,845840556.83787,938490068.03,1727207156.19,2680293466.9100003,6.0,251.54218333333333,122.00664166925367,135.3707,249.1376,386.6137
KY,2032,6.0,1823159265.551667,885139690.9193195,980957455.9699999,1807867428.6399999,2814440182.46,6.0,262.97794999999996,127.67519742939504,141.4962,260.77225,405.9634
KY,2035,6.0,1750673329.0783336,848504866.1057101,944140626.55,1734685900.6550002,2681423003.78,6.0,252.52239999999998,122.3908946091334,136.1856,250.21634999999998,386.7765
KY,2038,6.0,3045046906.148333,1472213465.9127991,1622161999.9299998,2964424667.175,4524781083.349999,6.0,439.2268166666666,212.35662985767516,233.9853,427.59775,652.6682999999999
KY,2041,6.0,1746332704.24,846103349.1280773,942550778.51,1730443875.27,2670119249.55,6.0,251.89631666666665,122.04454490380824,135.9563,249.6045,385.1462
KY,2044,6.0,1743787178.5066664,844635544.5029144,941730952.96,1727896581.475,2662441561.53,6.0,251.52908333333335,121.83279118545084,135.8381,249.2369,384.03870000000006
KY,2047,6.0,1676796316.9650002,812295405.7807267,906208371.78,1662756887.6100001,2562205158.29,6.0,241.86615000000003,117.16797384279973,130.7143,239.84105,369.5803
KY,2050,6.0,1860388086.89,911774749.2051613,957092614.05,1803358590.3849998,2948853543.8900003,6.0,268.34798333333333,131.51716294521285,138.0541,260.12185,425.3516
LA,2010,6.0,681436483.8649999,349428931.70256674,309816150.15,621428327.53,1148160424.59,6.0,98.29244999999999,50.402702410912454,44.68879999999999,89.6367,165.6141
LA,2015,6.0,689267687.34,353238719.45532507,312931716.68,627262562.645,1157572863.34,6.0,99.42205,50.95222432984648,45.138200000000005,90.47825,166.9718
LA,2020,6.0,765379923.1833334,398720165.7390595,353794773.49,716709467.365,1347486135.95,6.0,110.40073333333333,57.512664198997655,51.0324,103.3803,194.3656
LA,2023,6.0,563048469.0766667,288926267.90169054,256366725.15,514586082.87,951964279.65,6.0,81.2158,41.675609787788346,36.979,74.2255,137.3142
LA,2026,6.0,403726779.43666667,207385625.09825137,183916310.26000002,369541226.35,684885518.35,6.0,58.2347,29.91395389680207,26.5286,53.303599999999996,98.78989999999999
LA,2029,6.0,389656640.10999995,199982671.5442952,177438518.23,356216228.895,659173514.91,6.0,56.20526666666667,28.846120964224404,25.594199999999997,51.381800000000005,95.08120000000001
LA,2032,6.0,299924176.805,159184731.65388972,140214886.04999998,286026611.35,544223853.4699999,6.0,43.261966666666666,22.96126691501727,20.224999999999998,41.25725,78.5005
LA,2035,6.0,99043933.23666668,52669447.58286294,46315927.09,94560821.015,180180842.98,6.0,14.286416666666668,7.597146946431054,6.6809,13.63975,25.989800000000002
LA,2038,6.0,113201486.93833333,61727522.019951254,53031861.230000004,109411907.495,212163873.42,6.0,16.328516666666665,8.90369756032103,7.6495,15.7819,30.602999999999998
LA,2041,6.0,99927938.50166667,53456675.082915224,46678540.38,95603017.785,183142694.88,6.0,14.413883333333336,7.710719082268961,6.733099999999999,13.79,26.417
LA,2044,6.0,104511796.42333333,56036813.96604063,48860646.44,100148888.24000001,192098263.24,6.0,15.07505,8.082944266478645,7.0477,14.445699999999999,27.7088
LA,2047,6.0,93307011.45666666,51680642.735781714,43731889.46,90769718.815,177758542.58,6.0,13.458816666666666,7.454577335413904,6.3079,13.092849999999999,25.6403
LA,2050,6.0,75020614.78666668,41608092.65782084,34860696.03,72628954.91499999,143099206.29999998,6.0,10.821233333333334,6.001697803677446,5.0284,10.47625,20.6411
MA,2010,6.0,1472116980.5466669,1153888318.8118467,516513507.0,1344945208.16,3668127816.64,6.0,212.34259999999998,166.44034530937506,74.5034,193.999,529.1018
MA,2015,6.0,160224546.97,154453130.78630647,43479178.050000004,116885456.965,458229954.62,6.0,23.111283333333333,22.278784145317868,6.271599999999999,16.8599,66.0965
MA,2020,6.0,79840907.62666667,70078388.43928346,24982187.29,65105776.31999999,214617556.82,6.0,11.516499999999999,10.108327341355738,3.6035,9.3911,30.957099999999997
MA,2023,6.0,68095066.54666667,62712392.4919758,19876233.27,52567736.945,188963605.33999997,6.0,9.822233333333333,9.045837658429797,2.867,7.5825,27.256700000000002
MA,2026,6.0,112369136.90833336,101537675.12128577,33740930.510000005,88694255.21000001,307928190.16,6.0,16.208433333333335,14.646062579501244,4.8669,12.7935,44.416399999999996
MA,2029,6.0,133121655.11,99615965.10214631,48238495.51,124499117.05,321325205.91999996,6.0,19.201849999999997,14.368888335254052,6.958,17.958199999999998,46.3488
MA,2032,6.0,60201084.62833334,51017485.112706825,19739440.66,50957894.245000005,158090040.52,6.0,8.683616666666667,7.358909472854431,2.8473,7.350350000000001,22.803400000000003
MA,2035,6.0,27819253.448333334,25628853.293878548,8116002.510000001,21467212.545,77215494.43,6.0,4.012716666666667,3.696786806629057,1.1707,3.09645,11.137799999999999
MA,2038,6.0,48899412.48333333,54535159.54170648,9849195.15,28596220.11,154000680.06,6.0,7.053366666666666,7.8663200834104545,1.4207,4.124750000000001,22.2135
MA,2041,6.0,49690473.02166667,51932995.864729576,11601619.47,32354799.105000004,149900387.93,6.0,7.1675,7.490998106527594,1.6734,4.66695,21.6221
MA,2044,6.0,57298206.294999994,60735417.04629148,12985955.940000001,36497590.66,174472038.53,6.0,8.264883333333335,8.76067097713792,1.8731,5.2645,25.166400000000003
MA,2047,6.0,64701549.35166667,69941595.4716814,14041239.24,39925245.11,199591156.56,6.0,9.332749999999999,10.08861744318814,2.0253,5.759,28.7897
MA,2050,6.0,68507160.92333333,74715474.22610126,14565787.4,41650142.525,212577479.93,6.0,9.8817,10.777222000126008,2.101,6.00775,30.6629
MD,2010,6.0,722763065.7283334,427631448.60547876,250822686.07999998,588066507.525,1366138359.72,6.0,104.25353333333335,61.682844900171936,36.1794,84.8245,197.0559
MD,2015,6.0,204998467.84000003,122359510.59055322,69891770.45,165547320.89000002,389320821.6500001,6.0,29.569600000000005,17.649526329961382,10.081299999999999,23.87905,56.156800000000004
MD,2020,6.0,180927484.35666668,109009306.02886839,61485701.47,147016383.26,349587550.74,6.0,26.097499999999997,15.723831949496281,8.8688,21.2061,50.42550000000001
MD,2023,6.0,143208508.94500002,84592224.75138693,50980899.86,118982023.09,274872413.03,6.0,20.656816666666668,12.201860072696567,7.353700000000001,17.16225,39.6485
MD,2026,6.0,169735402.83666667,92858981.94903147,68897161.0,148152733.5,306498697.96,6.0,24.48315,13.394247522985381,9.937899999999999,21.37005,44.2103
MD,2029,6.0,104114692.43166667,61793099.89796466,36572489.67,85879048.095,199880513.31,6.0,15.017816666666667,8.913257863972447,5.2753000000000005,12.38745,28.8314
MD,2032,6.0,103341965.81833333,59328013.134610705,38851100.65,87825202.02,194838904.76,6.0,14.90633333333333,8.557658582735506,5.603899999999999,12.66815,28.1041
MD,2035,6.0,125779670.69000001,77562226.00795765,46560493.11,110284498.81,259360491.33,6.0,18.142866666666666,11.187805855245552,6.7161,15.90785,37.411
MD,2038,6.0,124465436.46166666,67308339.49349758,52148626.56,110619228.53,224188136.24,6.0,17.953266666666668,9.708758589164049,7.5221,15.956,32.3376
MD,2041,6.0,110213510.27666666,59248539.76911236,47277810.730000004,99433300.825,198860942.82,6.0,15.897566666666664,8.546160165750853,6.8196,14.342550000000001,28.6843
MD,2044,6.0,108954590.19333333,58815452.98731466,46408292.449999996,98023835.84,197358192.51999998,6.0,15.715933333333332,8.483707980515753,6.6941,14.139299999999999,28.4675
MD,2047,6.0,99998904.86166668,56622803.53550865,42769807.989999995,92592496.28999999,193468245.35,6.0,14.424133333333332,8.167448794982842,6.1693,13.3558,27.9064
MD,2050,6.0,107629433.08833332,74287467.94631074,41778816.66,101433681.89000002,245446398.06,6.0,15.524783333333332,10.7154578088697,6.0262,14.6312,35.40389999999999
ME,2010,6.0,18492968.708333332,23560259.12118764,1968093.71,8154005.694999999,63561608.879999995,6.0,2.6674666666666664,3.398387700464246,0.2839,1.17615,9.1683
ME,2015,6.0,17374033.676666666,22180233.742876448,1843234.64,7617024.795,59802957.5,6.0,2.5060833333333337,3.1993227029586544,0.2658,1.09875,8.626100000000001
ME,2020,6.0,14675406.723333335,18628933.146244753,1570420.47,6535718.65,50310480.9,6.0,2.1168166666666663,2.6870879653756528,0.22649999999999998,0.9427000000000001,7.2569
ME,2023,6.0,14738986.893333333,18709190.249989625,1577281.63,6564467.750000001,50527580.66,6.0,2.1259666666666663,2.698659137917693,0.2275,0.94685,7.2882
ME,2026,6.0,18751464.121666666,23685376.304276425,2021591.2,8464159.195,64057831.46,6.0,2.70475,3.4164550321934577,0.2916,1.22085,9.2399
ME,2029,6.0,1640730.79,2063116.2261834715,178077.25,749590.26,5587016.1899999995,6.0,0.23668333333333336,0.29758942465529026,0.0257,0.10815,0.8059000000000001
ME,2032,6.0,2376153.728333333,3186475.3991172058,232880.31,896732.5149999999,8468864.799999999,6.0,0.3427833333333333,0.45966343955840855,0.0337,0.1293,1.2217
ME,2035,6.0,2582129.3816666664,3619845.2684210264,233698.14,828248.5449999999,9495336.219999999,6.0,0.37245,0.5221221724845633,0.0337,0.11945,1.3696000000000002
ME,2038,6.0,2208643.6216666666,3119252.566770641,197087.87,687254.44,8164283.13,6.0,0.31858333333333333,0.4499651427240411,0.0284,0.09915,1.1777
ME,2041,6.0,1914150.79,2711529.8162927274,169810.81,588084.115,7090750.34,6.0,0.2760833333333333,0.39113782438760214,0.0245,0.08479999999999999,1.0228
ME,2044,6.0,2736223.105,3709491.535718554,263189.29,995021.8049999999,9827362.83,6.0,0.39471666666666666,0.5350963853986183,0.0379,0.1436,1.4176
ME,2047,6.0,2527917.125,3431148.9614179637,242650.89,915481.67,9086793.43,6.0,0.36461666666666664,0.4949203952825814,0.035,0.13205,1.3107
ME,2050,6.0,2988295.1633333336,4332296.2003102135,253066.13,827237.195,11251455.64,6.0,0.4310333333333334,0.6248857644935326,0.036500000000000005,0.1193,1.6229
MI,2010,6.0,3602249104.055,2113280254.4172113,1448069923.44,3254339131.79,7163880447.8,6.0,519.5993500000001,304.82595676609134,208.87400000000002,469.41575,1033.3398
MI,2015,6.0,2859035105.1166673,1671355485.0298615,1161123952.04,2596047465.1000004,5675343272.47,6.0,412.3958666666667,241.08137006661187,167.4841,374.46175,818.6287
MI,2020,6.0,1974530442.965,1157744133.5313756,805857407.21,1801073761.82,3935449082.0,6.0,284.81225,166.99653355575677,116.23930000000001,259.7923,567.6611
MI,2023,6.0,1461194269.6966667,856040314.5220629,597470287.31,1333952964.7849998,2910686642.15,6.0,210.7671,123.47788032536032,86.1809,192.41345,419.84630000000004
MI,2026,6.0,1165828716.0216668,684513671.4546314,479438552.06,1069272776.1949999,2329742640.07,6.0,168.1627,98.73627470762709,69.1558,154.23520000000002,336.0491
MI,2029,6.0,1015443236.3966665,593755555.5016698,414336933.99,924964581.53,2017940322.48,6.0,146.47056666666666,85.64511553803094,59.7651,133.41965,291.0738
MI,2032,6.0,1078131178.1883333,630657924.134847,440201154.7,982653825.035,2143650036.28,6.0,155.51286666666667,90.96799026485452,63.496,141.74085000000002,309.2065
MI,2035,6.0,561062303.26,328170961.95423007,230175944.06,512938359.86499995,1116369371.46,6.0,80.92935,47.33633921763491,33.201299999999996,73.9878,161.0285
MI,2038,6.0,344136808.98333335,204040667.7354751,143452571.85,319634383.385,695530224.49,6.0,49.639316666666666,29.431461517119168,20.692,46.10495,100.32539999999999
MI,2041,6.0,347811235.42833334,206691826.65353456,145433946.57,323962972.18,704694288.59,6.0,50.16935,29.813841829240992,20.977899999999998,46.72935,101.64729999999999
MI,2044,6.0,400622940.59,251616869.46883145,169568754.88,383535574.78,851508223.58,6.0,57.78709999999999,36.293966927686476,24.4591,55.32245,122.82409999999999
MI,2047,6.0,334631965.245,199334378.19779813,143672039.77,317042078.105,680761757.3100001,6.0,48.268350000000005,28.752681821405808,20.7236,45.73115,98.1953
MI,2050,6.0,331194916.8516667,198070123.19328633,143640555.83,316149569.66499996,676383954.59,6.0,47.77256666666667,28.570263935474355,20.7191,45.6024,97.5637
MN,2010,6.0,1695556683.9299996,941336674.2553974,659240626.2,1441154977.5549998,3053840438.1099997,6.0,244.5722333333333,135.78125491810226,95.09089999999999,207.87645,440.4951
MN,2015,6.0,952570313.1283334,531875991.0439098,362058586.37,795547675.6600001,1698025684.13,6.0,137.40163333333336,76.7193203337899,52.22449999999999,114.75225,244.9283
MN,2020,6.0,808558908.9333334,448907093.56477934,311583653.51,680793754.3000001,1441540811.23,6.0,116.62905,64.75173689447257,44.943799999999996,98.19985,207.9322
MN,2023,6.0,772190114.0233332,430968885.2590001,293934364.5,645625764.2950001,1377330449.74,6.0,111.3831,62.164316905311516,42.398,93.12705,198.6706
MN,2026,6.0,552190117.055,307772606.02944356,210888654.26,462610372.605,985078484.87,6.0,79.64956666666667,44.394088083557556,30.4191,66.7283,142.0907
MN,2029,6.0,547030378.495,307816182.0629991,203409658.12,449816257.56500006,968699530.71,6.0,78.90526666666666,44.400378000267814,29.3402,64.88285,139.7282
MN,2032,6.0,351668228.83000004,195757888.42889202,134736745.60000002,295190434.8,627458754.8000001,6.0,50.725683333333336,28.23677487804984,19.4348,42.5791,90.5068
MN,2035,6.0,177917567.455,98318953.31691334,69386574.36,150900090.87,317389710.76,6.0,25.66336666666666,14.181715660337668,10.0086,21.7664,45.781099999999995
MN,2038,6.0,182220951.4333333,100580888.92083336,71300939.13,154884971.305,325229714.94,6.0,26.28408333333333,14.508134383774731,10.2845,22.34105,46.912099999999995
MN,2041,6.0,187766308.27666664,102982433.11273989,74528636.4,160817617.625,334408797.07,6.0,27.08396666666667,14.85452293285337,10.7501,23.196849999999998,48.236200000000004
MN,2044,6.0,180868292.89499998,99674825.5465822,70914942.89999999,153773808.47,322067571.11,6.0,26.089033333333333,14.377295920118868,10.2291,22.1809,46.4558
MN,2047,6.0,311776999.6716667,171821169.78982082,121447618.72999999,263136971.18,550468884.6,6.0,44.97171666666666,24.783969951516376,17.518,37.955749999999995,79.4014
MN,2050,6.0,182020655.62333333,99687084.37432404,72522835.49,156254150.37,324199475.75,6.0,26.25531666666667,14.37915168129423,10.461,22.5387,46.7636
MO,2010,6.0,4020619722.3349996,1992757992.3715823,2003897583.2,3844053571.795,6524994433.71,6.0,579.9463666666667,287.4414141362143,289.0482,554.4779,941.1849
MO,2015,6.0,4242952865.738333,2122513652.6382174,2039496606.0,3968365735.3599997,6928806710.24,6.0,612.01625,306.1578586104348,294.183,572.409,999.432
MO,2020,6.0,2720810686.7633333,1335735568.0153036,1424879107.81,2678053869.3849998,4355560985.35,6.0,392.4581166666666,192.67056669749448,205.52900000000002,386.29075,628.2594
MO,2023,6.0,2733447373.5400004,1344144562.8235252,1418108336.61,2676230057.5550003,4390888309.75,6.0,394.28074999999995,193.88343483058836,204.5523,386.02755,633.3549999999999
MO,2026,6.0,2423017192.395,1192975222.0708535,1254928917.26,2372019011.34,3904850500.4500003,6.0,349.50336666666664,172.07838359584468,181.0147,342.14725,563.2475
MO,2029,6.0,1838391726.0866668,908488604.5554036,932394375.17,1777438351.56,2978649808.82,6.0,265.1752166666667,131.04311020261108,134.4913,256.3832,429.64950000000005
MO,2032,6.0,2659884685.5033336,1317104410.0732524,1357073587.35,2587964648.365,4340254934.56,6.0,383.6698166666667,189.9831215132483,195.74849999999998,373.2958,626.0515
MO,2035,6.0,2263164065.8766665,1119487459.4397821,1142405155.7,2182002363.345,3671227175.57,6.0,326.44558333333333,161.47817973877974,164.784,314.7386,529.5486999999999
MO,2038,6.0,2287858775.3450003,1132963299.7759707,1150098780.51,2200904200.15,3717570944.44,6.0,330.0076833333333,163.4219971551372,165.8939,317.4651,536.2336
MO,2041,6.0,3896561992.053333,1932592290.6353614,1938789604.6399999,3722819828.185,6331800413.82,6.0,562.0519166666667,278.7629811830288,279.657,536.9908,913.3181999999999
MO,2044,6.0,2002218692.5166667,988067369.0633249,1021947265.5600001,1942813533.95,3237291971.4,6.0,288.80614999999995,142.52185726523143,147.4088,280.23744999999997,466.9569
MO,2047,6.0,1246915975.695,628794299.6111032,609869735.97,1192104860.12,2099918601.2800002,6.0,179.859,90.69918226758168,87.9696,171.95295,302.8987
MO,2050,6.0,842829388.6149999,424347765.0035934,405527841.84000003,794323686.3299999,1404765893.28,6.0,121.57235000000001,61.20912875069372,58.4947,114.5758,202.6277
MS,2010,6.0,353960719.305,180972802.6265542,164955585.77,329135135.92,602411675.69,6.0,51.056383333333336,26.10406940999174,23.793699999999998,47.4755,86.8937
MS,2015,6.0,119003900.71333332,63345788.2760741,53996154.5,111322060.95,215610785.01,6.0,17.165466666666667,9.137182797047823,7.788500000000001,16.05745,31.1003
MS,2020,6.0,174826586.25666666,90228810.70500116,81677651.4,164037545.86,303764149.18,6.0,25.217533333333336,13.014890620003944,11.7815,23.661250000000003,43.8159
MS,2023,6.0,307280917.715,159107037.60621303,142128510.46,286732814.28000003,535209110.14,6.0,44.32318333333334,22.950087997340372,20.5011,41.35925,77.2002
MS,2026,6.0,361341432.8983333,194815495.9178805,164083563.45000002,340431264.565,666228782.59,6.0,52.121,28.100831615167547,23.6678,49.104949999999995,96.0989
MS,2029,6.0,196461613.66333333,101849173.64357689,90931742.35,183570437.885,343050759.6,6.0,28.338183333333333,14.691066869552621,13.1162,26.478699999999996,49.4827
MS,2032,6.0,209191131.16833332,110525199.8254893,95488728.38,195721092.05,375409442.35,6.0,30.174400000000002,15.942573504048838,13.7735,28.231450000000002,54.1504
MS,2035,6.0,182100334.94999996,94578239.4612575,84243336.5,170295302.565,318985859.03,6.0,26.266683333333333,13.642293238956075,12.1514,24.563900000000004,46.0115
MS,2038,6.0,175818394.99,90911502.69359784,81561682.89,164280278.64499998,305778167.02000004,6.0,25.360583333333334,13.113352155786357,11.7647,23.6963,44.1064
MS,2041,6.0,174009228.53833336,89868628.79103293,80778460.05,162542992.495,302020856.52,6.0,25.0996,12.962927025791668,11.6517,23.445700000000002,43.5644
MS,2044,6.0,200223358.09166667,101975414.8840159,94290239.8,187207073.6,339565216.33,6.0,28.880800000000004,14.709314604834585,13.6006,27.0033,48.980000000000004
MS,2047,6.0,160971947.44333336,83196178.4582927,74728068.62,150443912.04,279787516.07,6.0,23.219116666666668,12.000455646752195,10.779,21.70055,40.3574
MS,2050,6.0,146931848.58,76051596.98810431,68172733.55,137401694.785,256040974.1,6.0,21.193866666666665,10.969899578877953,9.833499999999999,19.81925,36.932
MT,2010,6.0,272328707.79833335,138851781.81081343,125505623.22,250057470.485,456491741.12,6.0,39.28145,20.028388856795246,18.1033,36.06895,65.8457
MT,2015,6.0,38464389.71,19155714.744875386,19721626.78,37720190.725,63648338.72,6.0,5.548166666666666,2.763036880439106,2.8447999999999998,5.4407,9.1808
MT,2020,6.0,25734518.325000003,12992943.592135288,12258484.700000001,24109148.18,42970050.92,6.0,3.711983333333333,1.8741123225854601,1.7683,3.47745,6.198
MT,2023,6.0,133646409.165,70835232.24890715,56010362.32,116370391.465,228260243.45,6.0,19.277466666666673,10.21746392891439,8.079,16.78555,32.9249
MT,2026,6.0,77433232.22500001,39419924.27905915,36169241.1,71870704.49000001,130564314.36999999,6.0,11.169166666666667,5.686004140225952,5.2172,10.36675,18.833000000000002
MT,2029,6.0,46597919.80333334,23245086.986033376,23549363.76,45283762.39,77248233.42,6.0,6.7214,3.3528722158770083,3.3969000000000005,6.53185,11.1425
MT,2032,6.0,114517226.35166667,58285993.057618596,53511506.67,106304352.39500001,193029992.53,6.0,16.518266666666666,8.407306097357624,7.7187,15.333550000000002,27.8432
MT,2035,6.0,154988472.01333335,78857268.16411602,72485865.83,143936218.5,261156713.07999998,6.0,22.35593333333333,11.374533265091216,10.455499999999999,20.7618,37.6699
MT,2038,6.0,160021675.705,81436623.5245907,74780960.32000001,148539363.595,269660665.71,6.0,23.08196666666667,11.74662492202193,10.7867,21.4257,38.8966
MT,2041,6.0,159816768.60666668,81330206.00691582,74711094.24,148390678.595,269357834.37,6.0,23.052383333333335,11.73127308375637,10.7766,21.404200000000003,38.8528
MT,2044,6.0,164936733.00666666,83929559.33562486,77106611.16,153137625.445,277937836.65,6.0,23.791,12.106281065959106,11.1221,22.0891,40.0907
MT,2047,6.0,165158508.21333334,83972654.23875137,77392022.3,153540862.775,278125938.86,6.0,23.82296666666667,12.11244586921513,11.1633,22.147199999999998,40.1178
MT,2050,6.0,166693642.76833335,84808734.91719562,77963177.73,154804958.785,280851463.45,6.0,24.044400000000007,12.233051088914817,11.2457,22.329549999999998,40.5109
NC,2010,6.0,2632582429.7016664,1272424805.6415462,1411507475.81,2580407716.8050003,3942106016.0499997,6.0,379.7316333333333,183.5383992619056,203.6001,372.20579999999995,568.6213
NC,2015,6.0,1770767563.25,879217196.2507501,921088071.77,1750142400.165,2913101108.19,6.0,255.42085,126.82103003052372,132.8604,252.44580000000002,420.1946
NC,2020,6.0,420051030.5816667,204643677.37481835,223969421.61,415596096.54999995,657134051.62,6.0,60.58943333333334,29.518418817590263,32.306,59.94685,94.787
NC,2023,6.0,2090607897.6200001,1021328597.6992494,1078476350.8400002,2022503379.5699997,3273662138.02,6.0,301.5556166666667,147.31951760337006,155.5627,291.73205,472.2029
NC,2026,6.0,3095103812.096667,1566152908.8996775,1471193346.1,2900261047.59,5191743179.92,6.0,446.4470833333333,225.9066181958857,212.20929999999998,418.34235,748.8726
NC,2029,6.0,1510309197.1333332,767615146.1028899,712602525.3,1411895858.78,2551188220.4900002,6.0,217.85156666666668,110.72311688869073,102.788,203.65609999999998,367.9911
NC,2032,6.0,1863531488.03,919274573.0134708,936268627.17,1784492898.32,2989358546.5,6.0,268.8014333333333,132.59896975284033,135.05020000000002,257.40065,431.19419999999997
NC,2035,6.0,2702959903.9566665,1345629012.9560242,1307440075.21,2527307476.025,4356203780.85,6.0,389.8831333333333,194.09762396260976,188.5891,364.54645,628.3521
NC,2038,6.0,1741859178.2283335,850749044.4887002,900377893.65,1687481241.855,2727771680.27,6.0,251.25103333333334,122.7146070172034,129.8732,243.4074,393.462
NC,2041,6.0,3128373658.42,1527449214.1003356,1590487328.1799998,2975459594.04,4790614504.24,6.0,451.2460833333333,220.32381156751458,229.4168,429.18925,691.0127
NC,2044,6.0,1497831451.5316668,733711435.9859252,781350278.67,1466952123.8400002,2380297462.02,6.0,216.05175,105.83270621849844,112.7043,211.59765,343.3412
NC,2047,6.0,1107385140.7233334,538197084.1723107,585269281.36,1084897782.26,1711414497.9,6.0,159.73258333333334,77.63113536429611,84.42099999999999,156.48895,246.85950000000003
NC,2050,6.0,684135856.8166666,339784921.2378536,334120846.95,643782122.425,1102572416.8899999,6.0,98.68183333333333,49.011661989557815,48.1946,92.86105,159.0385
ND,2010,6.0,818495952.8066667,493363186.67794824,262716752.87,622023786.885,1462163294.42,6.0,118.06238333333333,71.16418230479198,37.8951,89.72265,210.9069
ND,2015,6.0,469817178.98333335,287081911.1781925,146262880.54,349120266.485,828522944.13,6.0,67.76788333333333,41.40955025920551,21.0975,50.358149999999995,119.5087
ND,2020,6.0,483307351.51,310010620.2754665,135381151.70999998,345951104.99,884066602.53,6.0,69.71368333333332,44.71689653575778,19.5277,49.900999999999996,127.5204
ND,2023,6.0,772472760.7583333,482186939.20392174,230148353.92000002,568423072.5150001,1401710646.42,6.0,111.42379999999999,69.55213222321801,33.1972,81.99105,202.187
ND,2026,6.0,449660218.3183333,274014165.338163,140796937.31,334953444.83000004,791805500.83,6.0,64.86033333333334,39.52460316611245,20.309,48.3147,114.2124
ND,2029,6.0,321127599.5033333,190813990.955696,105962806.27,245455740.88,561849876.67,6.0,46.32038333333333,27.523555257954353,15.2844,35.40525,81.04289999999999
ND,2032,6.0,421495437.42,256341431.11435091,132538351.75,314903693.0,743291841.9200001,6.0,60.79776666666667,36.97549066836932,19.1177,45.42265,107.2147
ND,2035,6.0,538309127.9933332,321070398.2580692,176254251.45,409837715.10499996,942557727.1700001,6.0,77.64733333333334,46.31219484773602,25.4234,59.1162,135.9574
ND,2038,6.0,489977092.2733333,297226461.32320386,154930379.5,367555330.145,866039875.49,6.0,70.67580000000001,42.87286387564983,22.3476,53.01735,124.9203
ND,2041,6.0,511045403.55833334,309642128.1847591,162008810.20000002,384075071.21000004,904204130.69,6.0,73.71470000000001,44.66366222619906,23.3686,55.4002,130.425
ND,2044,6.0,511859023.7866667,310122248.53624874,162281549.92,384712512.36,905679355.32,6.0,73.83213333333335,44.732974088726394,23.407999999999998,55.49215,130.6379
ND,2047,6.0,588334569.9216666,338547758.5280095,207122345.04,464077766.29499996,1017516880.6,6.0,84.86315,48.833103602566574,29.8759,66.94005,146.7695
ND,2050,6.0,660607942.84,411297848.63600713,197866773.53,486756010.845,1195144241.04,6.0,95.28811666666667,59.32685848775129,28.5409,70.21119999999999,172.3913
NE,2010,6.0,1749098976.1499999,1064826419.0975245,553418433.9,1334904390.7350001,3206449818.0099998,6.0,252.2953166666667,153.59371188915802,79.82679999999999,192.5506,462.50790000000006
NE,2015,6.0,229798731.2266667,133858438.90369998,79245073.32,181069088.74,407348454.37,6.0,33.14685,19.30816332919835,11.4305,26.11795,58.7572
NE,2020,6.0,185635105.4466667,110784215.34092377,60706453.34,141190728.17,324802060.58,6.0,26.77658333333333,15.979873316571275,8.7564,20.3658,46.85039999999999
NE,2023,6.0,453659778.26,270986431.12307173,148130041.66,345619737.34000003,798202518.22,6.0,65.43724999999999,39.087859528234596,21.3668,49.85325,115.1351
NE,2026,6.0,266438557.8416667,158158427.52996668,88088832.02,203681412.35,465167321.99,6.0,38.43188333333333,22.813270893794833,12.7061,29.379599999999996,67.0972
NE,2029,6.0,216688115.81333336,129988744.81881416,70138582.98,164478748.31,382209258.28000003,6.0,31.255783333333337,18.750051044134963,10.117,23.724850000000004,55.1312
NE,2032,6.0,267645553.59333333,158868060.48872572,88508724.34,204845133.075,468375615.36,6.0,38.60596666666667,22.915596275171776,12.7667,29.547449999999998,67.5598
NE,2035,6.0,510882585.0566667,308475141.19744,163304217.72,386975399.73,910548739.6099999,6.0,73.69125,44.49536928309507,23.555600000000002,55.8185,131.3402
NE,2038,6.0,509522918.58,303669190.9350614,167206247.57,389687924.265,898730595.7,6.0,73.49511666666666,43.802123984319145,24.118299999999998,56.2098,129.6356
NE,2041,6.0,605027644.125,360968135.5075132,198138638.76,462459106.40999997,1068489466.7199999,6.0,87.27101666666668,52.06708173874994,28.5801,66.70655,154.122
NE,2044,6.0,602178418.5600001,359030035.94101036,197482180.8,460639282.175,1063471434.6600001,6.0,86.86003333333333,51.78757802244344,28.4854,66.444,153.3983
NE,2047,6.0,564936185.6999999,336650142.70317733,185422065.93,431932053.96500003,995564551.61,6.0,81.48808333333334,48.559457223548804,26.7458,62.30315,143.6033
NE,2050,6.0,338443011.46000004,201636501.26295567,111057873.24,257735401.595,591311469.66,6.0,48.818066666666674,29.08470250799665,16.0193,37.1766,85.2926
NH,2010,6.0,81518330.46000001,63133345.42124732,24393206.67,70266848.76,200055825.51000002,6.0,11.758466666666665,9.106557660206553,3.5185,10.13555,28.856699999999996
NH,2015,6.0,29886494.486666664,22803082.520262428,9098785.25,25814056.865000002,72587650.19,6.0,4.3109166666666665,3.289153723629631,1.3124,3.7235000000000005,10.4702
NH,2020,6.0,27373424.978333335,20453345.10824011,8532369.81,23710574.38,65517333.71,6.0,3.9484333333333335,2.9502490509559807,1.2307000000000001,3.4200999999999997,9.4504
NH,2023,6.0,27680003.51833333,20631471.79231139,8651550.02,23984112.1,66136204.19,6.0,3.992633333333334,2.975955765576274,1.2479,3.4595000000000002,9.5397
NH,2026,6.0,39838999.02333333,28932065.79854067,12809218.33,34640372.695,93449448.78,6.0,5.746483333333333,4.173288290265443,1.8476,4.9966,13.4795
NH,2029,6.0,2621646.0016666665,1958168.2623634704,817506.74,2270954.77,6273199.33,6.0,0.37815000000000004,0.28242566278580283,0.1179,0.3276,0.9048
NH,2032,6.0,2473039.35,2638739.76148773,439083.08999999997,1573754.025,7533317.390000001,6.0,0.3567,0.3806284697707201,0.0632,0.22695,1.0866
NH,2035,6.0,4129818.4433333334,4547264.320525695,678087.31,2493887.9450000003,12848503.39,6.0,0.5957,0.6559546203816236,0.0978,0.35975,1.8534
NH,2038,6.0,4076711.4916666667,4493377.416005645,667576.8200000001,2457461.525,12691991.879999999,6.0,0.5880333333333333,0.648164070792779,0.0963,0.35445000000000004,1.8308
NH,2041,6.0,8070335.03,9459804.342656856,1102806.11,4332667.985,26189566.03,6.0,1.1641,1.3645148221987184,0.1591,0.625,3.7777
NH,2044,6.0,8373848.961666666,9837804.92660478,1135729.19,4474807.87,27216126.919999998,6.0,1.2078666666666666,1.4190187182227958,0.1639,0.6454500000000001,3.9257
NH,2047,6.0,17840088.373333335,21028670.39790097,2392822.74,9468178.68,58113033.78,6.0,2.5733,3.03323772296205,0.3452,1.3657,8.3824
NH,2050,6.0,15241894.723333335,19360970.237988442,1512227.75,6794701.3549999995,52238481.45,6.0,2.19855,2.792646684240597,0.2182,0.9801,7.535
NJ,2010,6.0,970044916.4283333,556864133.045953,431164695.09,925741283.8050001,1910816453.62,6.0,139.92225,80.32373117211998,62.1926,133.53175000000002,275.6219
NJ,2015,6.0,172685572.68166667,101445113.87215254,75135252.06,164081855.835,347169995.9,6.0,24.9087,14.632731549782495,10.8378,23.667650000000002,50.0768
NJ,2020,6.0,70483716.64166667,58439139.233961605,21338227.98,61171517.125,182073659.01999998,6.0,10.166783333333333,8.429416830461443,3.0779,8.823599999999999,26.2628
NJ,2023,6.0,82653471.53666668,70287457.86356683,24183401.66,69917786.06,217141791.84,6.0,11.922200000000002,10.138470192686864,3.4883,10.085149999999999,31.3212
NJ,2026,6.0,144354735.40333334,91940799.00440931,58270009.470000006,135154042.89,309853785.7,6.0,20.822166666666664,13.261795904426618,8.4051,19.494999999999997,44.694199999999995
NJ,2029,6.0,83444173.00833333,72308128.26981904,23778008.76,69208867.53999999,221974584.87,6.0,12.03625,10.429943291456572,3.4298,9.9829,32.018299999999996
NJ,2032,6.0,90013394.46499999,78331879.44104944,25494342.919999998,74320687.45,240123157.88,6.0,12.983783333333335,11.298827428793958,3.6774,10.7202,34.6361
NJ,2035,6.0,81889605.435,71106486.47752436,23266651.81,67771560.94,218135071.87,6.0,11.812,10.256587029221757,3.3560999999999996,9.775549999999999,31.4644
NJ,2038,6.0,84790495.38166668,74189659.50514841,23826200.08,69599658.41,227007690.97,6.0,12.230466666666667,10.70133916753724,3.4368,10.0393,32.744299999999996
NJ,2041,6.0,92606721.98166667,79874880.83609979,26564533.189999998,77188259.73,245588528.36,6.0,13.357866666666668,11.521393240692147,3.8317,11.133849999999999,35.4244
NJ,2044,6.0,89572262.47499998,76901970.4700138,25861855.020000003,75022032.25,236815278.14,6.0,12.920183333333332,11.092589527322582,3.7304,10.8214,34.159
NJ,2047,6.0,101780786.33166666,88182474.76283444,29010282.979999997,84432733.82,270722012.73,6.0,14.681199999999999,12.71970787762046,4.1846000000000005,12.17885,39.0498
NJ,2050,6.0,109830458.28166668,95866879.16253324,30971211.46,90388865.89,293575957.39,6.0,15.842266666666665,13.828142299190684,4.4674000000000005,13.03795,42.3463
NM,2010,6.0,562220219.285,322700599.47481817,200906634.84,453688262.93499994,1005174510.78,6.0,81.09633333333333,46.54729486402692,28.979400000000002,65.44135,144.9894
NM,2015,6.0,234188931.04666665,135955549.97953442,82723986.71000001,189719879.45,428850469.02000004,6.0,33.78013333333333,19.61063697656623,11.9324,27.3658,61.858700000000006
NM,2020,6.0,215806548.50666666,125355338.29441802,76528787.38,175716752.09,397787280.03000003,6.0,31.128600000000006,18.08164522602963,11.0388,25.345950000000002,57.3781
NM,2023,6.0,271677686.275,174268025.81123325,79032830.82,205133799.315,532438158.48,6.0,39.18761666666667,25.136928129699275,11.4,29.5891,76.8004
NM,2026,6.0,206578105.205,120519758.67865504,71968090.28999999,165841489.465,377147119.87,6.0,29.797449999999998,17.384195429728695,10.3808,23.92145,54.4009
NM,2029,6.0,76801102.97,45096456.01648232,26465778.35,61457018.005,141108424.99,6.0,11.078033333333332,6.50484636487801,3.8175,8.864799999999999,20.3539
NM,2032,6.0,7529007.263333333,5153859.78354007,2009834.91,5676708.8,15904569.799999999,6.0,1.08605,0.7434404448239281,0.2899,0.8189,2.2942
NM,2035,6.0,7202997.298333332,4952550.678731961,1894475.54,5395703.895,15222052.759999998,6.0,1.039,0.7143601528640858,0.2733,0.7783,2.1957
NM,2038,6.0,9453936.29,6631131.78825159,2429413.4299999997,7093217.425000001,20414202.409999996,6.0,1.3636333333333333,0.9564074187639212,0.3505,1.02315,2.9444
NM,2041,6.0,7250877.285,5009677.944863316,1857016.78,5353366.1850000005,15251790.08,6.0,1.0459,0.7226419445340826,0.2678,0.7722,2.2
NM,2044,6.0,7221311.068333332,5011714.086729707,1832345.54,5319444.83,15240347.649999999,6.0,1.0416333333333334,0.7228922510766502,0.2643,0.76735,2.1983
NM,2047,6.0,5025297.786666666,3879261.132578109,987725.6299999999,3730225.59,11428848.1,6.0,0.72485,0.5595562590124428,0.1424,0.5381,1.6484999999999999
NM,2050,6.0,7505089.010000001,6094198.958764194,1228378.06,5694350.68,17524758.95,6.0,1.0826,0.8790759239110124,0.1773,0.8214,2.528
NV,2010,6.0,483582120.04833335,248412082.45603,233329758.0,463288400.35,840480917.28,6.0,69.75333333333333,35.83168668107415,33.6561,66.82615,121.23339999999999
NV,2015,6.0,142393444.3083333,72480031.91563958,69908620.42,137359369.175,244376931.7,6.0,20.539233333333332,10.454676407936626,10.0838,19.81315,35.2496
NV,2020,6.0,67634318.45666666,36462210.120038375,30264819.14,63073071.05,124337116.45,6.0,9.755783333333333,5.259396343466298,4.3655,9.097850000000001,17.9347
NV,2023,6.0,117461349.17500001,59195303.968946174,56953507.02,111488499.35500002,196950783.34,6.0,16.942983333333334,8.538547204628353,8.2152,16.0814,28.4088
NV,2026,6.0,33627879.17,18454547.45596677,14818360.51,31306077.43,63057826.129999995,6.0,4.850583333333334,2.661905255576664,2.1375,4.5157,9.0956
NV,2029,6.0,42490312.43,21952258.245619323,20248440.88,40482801.7,74368290.62,6.0,6.12895,3.16646120314145,2.9207,5.8393999999999995,10.7271
NV,2032,6.0,34403880.435,19398042.605761856,15016409.79,32220594.430000003,66450619.44,6.0,4.9624999999999995,2.7980174145276506,2.1661,4.64755,9.584999999999999
NV,2035,6.0,39751056.556666665,22759804.96862987,17192579.369999997,37251234.16,77937407.79,6.0,5.7338,3.2829512618983547,2.4798999999999998,5.3732,11.2419
NV,2038,6.0,39649206.64666667,22704219.674127873,17091664.25,37078997.66,77718491.34,6.0,5.719133333333333,3.274947106544878,2.4654,5.3484,11.2104
NV,2041,6.0,51621540.65166666,27752663.937961668,23835802.939999998,49119556.32,95071452.88,6.0,7.446033333333333,4.0031613036032745,3.4382,7.0851,13.7134
NV,2044,6.0,38213742.595,21904400.744020946,16497342.93,35785511.055,74994683.65,6.0,5.5120499999999995,3.1595363348124357,2.3796999999999997,5.16175,10.8174
NV,2047,6.0,37216557.06166667,21330482.72062142,16104326.64,34901814.635000005,73047850.28,6.0,5.368199999999999,3.0767903796001446,2.3228999999999997,5.03425,10.5367
NV,2050,6.0,33581094.215,19573700.146345634,14411349.53,31542600.104999997,66961323.46,6.0,4.84385,2.8233708844216694,2.0787,4.54985,9.6587
NY,2010,6.0,1793219941.3666668,1003514815.5389229,741087508.51,1612166433.13,3392250666.06,6.0,258.65945,144.75000966704977,106.8967,232.54375,489.3085
NY,2015,6.0,741802112.2733334,448655500.6008567,313280588.82,699825940.5699999,1528115222.15,6.0,106.99973333333334,64.71541121234313,45.1885,100.945,220.41989999999998
NY,2020,6.0,587747846.305,355161272.4750412,254489660.26,562575941.925,1210929391.62,6.0,84.7785,51.22954284921933,36.7083,81.14765,174.66809999999998
NY,2023,6.0,594158525.015,358193337.77535003,261404821.97,573602667.3199999,1221942808.43,6.0,85.70323333333334,51.66687174620374,37.7059,82.7382,176.2567
NY,2026,6.0,475321522.79333335,278570773.83029234,192752192.06,431678015.46000004,945839199.4300001,6.0,68.56183333333333,40.18188649516927,27.8032,62.26655,136.4307
NY,2029,6.0,1181781590.7683332,667731476.5645303,458983218.19,1019269294.3899999,2207810847.43,6.0,170.46371666666667,96.31555959919284,66.2052,147.0224,318.4612
NY,2032,6.0,791272236.71,442859865.8406118,307761422.65,678073261.855,1452773164.56,6.0,114.13548333333331,63.87940725189665,44.392500000000005,97.80734999999999,209.5523
NY,2035,6.0,1055251818.2683333,588627514.1925312,412613987.09999996,905918757.2249999,1931433171.1399999,6.0,152.21271666666667,84.9054299043216,59.5167,130.67245,278.5958
NY,2038,6.0,1081560459.155,655428929.9688629,382817570.56,911158666.575,2155077189.79,6.0,156.0075,94.54109436662979,55.2186,131.4282,310.8549
NY,2041,6.0,101586387.33999999,88342520.9302414,31560161.0,83690516.095,271364734.49,6.0,14.653150000000002,12.74280771898407,4.5523,12.071850000000001,39.1425
NY,2044,6.0,111897822.63,95978831.37396704,33867081.61,93638059.565,296004436.97,6.0,16.1405,13.844232121139836,4.8852,13.506699999999999,42.6965
NY,2047,6.0,111708053.57833333,96395427.21611582,34201121.42,92836573.365,296787678.07,6.0,16.113116666666667,13.904334800258036,4.9333,13.3911,42.8095
NY,2050,6.0,151795198.295,126508037.06719014,43169597.449999996,131509037.81,392577962.45,6.0,21.895349999999997,18.24785345959902,6.2269,18.969250000000002,56.6265
OH,2010,6.0,9515678584.046667,4592665388.980588,5196081571.0199995,9437147597.724998,14193251535.53,6.0,1372.5702,662.4598858672576,749.4984000000001,1361.2426500000001,2047.2776
OH,2015,6.0,6549785313.481667,3175104939.680866,3494169716.6300006,6437827238.495,10015693669.34,6.0,944.7607833333335,457.9866650218341,504.00970000000007,928.61175,1444.6937
OH,2020,6.0,2856480313.4416666,1381192804.7259576,1537400976.8799999,2813162841.98,4307029507.17,6.0,412.02735,199.22746503810913,221.7593,405.77909999999997,621.259
OH,2023,6.0,1565127698.7700002,761000521.7800052,816980359.6400001,1517906648.625,2406871071.63,6.0,225.7587,109.76897718668968,117.8437,218.94734999999997,347.1743
OH,2026,6.0,1859088781.9183338,923867100.6214366,893118134.54,1716354274.18,2924057550.55,6.0,268.16055,133.26136392372322,128.8262,247.57215,421.7749
OH,2029,6.0,1528853536.6499999,771842944.0164847,705307213.86,1382624595.7199998,2448932061.48,6.0,220.52644999999998,111.33291109884354,101.7355,199.434,353.2414
OH,2032,6.0,1153378848.735,566470749.4704472,576709941.16,1091650519.425,1802590822.4499998,6.0,166.36685,81.70944189222566,83.18639999999999,157.46295,260.0111
OH,2035,6.0,1202774623.0716665,591710683.6803191,597530024.09,1133759654.0349998,1881539240.6200001,6.0,173.49181666666667,85.35015016646231,86.1895,163.5369,271.3989
OH,2038,6.0,2133868313.4683335,1049991897.2656492,1061621984.02,2016012548.8200002,3351530185.91,6.0,307.7956,151.4539747183414,153.1317,290.7957,483.4347
OH,2041,6.0,1153444679.2833335,568268026.8857644,570107843.73,1084000127.6200001,1806864808.25,6.0,166.37631666666664,81.96867096864304,82.23400000000001,156.35944999999998,260.6275
OH,2044,6.0,1097067305.7583334,544565663.715427,528320270.95,1013024609.475,1718004628.0,6.0,158.24435000000003,78.54984985805511,76.20649999999999,146.12175000000002,247.81040000000002
OH,2047,6.0,1345519611.0016668,685585878.227902,606697964.86,1200421022.05,2163603773.06,6.0,194.08174999999997,98.89096018793123,87.5118,173.1523,312.0846
OH,2050,6.0,485804986.51833326,263846289.54894266,191587071.04999998,404326268.765,813004618.85,6.0,70.074,38.057876006419484,27.6353,58.3212,117.2701
OK,2010,6.0,1217696187.23,661269443.6952581,539333641.0,1131710029.77,2255219872.96,6.0,175.64419999999998,95.383498490567,77.7951,163.2413,325.2997
OK,2015,6.0,480165791.37000006,255314527.16426316,222238172.95999998,455204501.895,872098421.0899999,6.0,69.26058333333333,36.82731418045126,32.0564,65.6601,125.7941
OK,2020,6.0,515884881.5366667,283752691.84460515,224782379.38,477101740.10999995,967830313.22,6.0,74.41285,40.929338244235026,32.4233,68.8187,139.6028
OK,2023,6.0,784897216.6,445861818.84449136,347554146.58,744205437.9549999,1529952600.88,6.0,113.21598333333334,64.31246306962335,50.1323,107.3465,220.685
OK,2026,6.0,383840396.03000003,218663544.81677932,159382448.01,349438455.99,743533520.11,6.0,55.36626666666667,31.54063507608347,22.9898,50.403999999999996,107.24940000000001
OK,2029,6.0,367577278.7616666,196305839.1215661,163900578.38,340167028.1,666058912.26,6.0,53.02043333333333,28.31567839622895,23.6415,49.06675,96.0742
OK,2032,6.0,348118163.92,189690731.72351694,151207373.19,319668255.5,644515246.37,6.0,50.21363333333333,27.36157226357189,21.8106,46.11,92.96679999999999
OK,2035,6.0,330807648.1583333,186980263.02253932,138415952.89000002,301572408.70000005,635969019.83,6.0,47.71668333333333,26.970562336400526,19.9655,43.499700000000004,91.734
OK,2038,6.0,342715605.5,195159783.5821989,142025085.96,311522286.745,663274179.42,6.0,49.43428333333333,28.150442806138354,20.486,44.9348,95.6726
OK,2041,6.0,403257315.065,229896324.3102275,165984009.38,365065426.305,780257050.8100001,6.0,58.16706666666666,33.1609664268499,23.942,52.65815,112.5467
OK,2044,6.0,307483748.73333335,178999058.43226886,123956876.30999999,277293908.03,606659415.93,6.0,44.35235,25.819318863575777,17.8799,39.997699999999995,87.5063
OK,2047,6.0,298727023.6566667,174200669.65730175,120960359.17999999,270408387.745,591057860.64,6.0,43.089266666666674,25.12724900506752,17.4477,39.00450000000001,85.256
OK,2050,6.0,263329120.53333333,155240774.1213724,106568334.06,239468679.81,527074182.49,6.0,37.98338333333333,22.392405398743268,15.371699999999999,34.5417,76.0268
OR,2010,6.0,130281652.55166666,103306944.25730455,40431256.46,115416913.0,326205354.34,6.0,18.7922,14.901337599289537,5.8319,16.648049999999998,47.0529
OR,2015,6.0,13805292.561666667,10473354.168106902,3948372.61,11527802.21,33175586.08,6.0,1.99135,1.5107735485505431,0.5695,1.6627999999999998,4.7855
OR,2020,6.0,9716185.235000001,7010378.152381091,2261061.31,7036805.109999999,21074410.48,6.0,1.4014499999999999,1.011228762941403,0.3261,1.0149,3.0398
OR,2023,6.0,4991737.096666667,3676022.4762893654,1213837.6099999999,3760571.24,11312829.19,6.0,0.7200333333333333,0.5302105795499243,0.17500000000000002,0.5425,1.6317
OR,2026,6.0,9096335.921666665,6694640.8810441485,2272096.39,6954371.435,20739900.57,6.0,1.31205,0.9656372792099527,0.3277,1.0031,2.9915000000000003
OR,2029,6.0,7083005.103333333,5224636.640148405,1769518.97,5423900.74,16192424.52,6.0,1.0216666666666665,0.7536011986897756,0.25529999999999997,0.7824,2.3356
OR,2032,6.0,5988384.29,4399473.884761655,1488469.4,4560115.675,13608749.8,6.0,0.8637666666666667,0.6345987572211804,0.2147,0.6577999999999999,1.963
OR,2035,6.0,6597352.423333333,4851684.383762322,1653376.91,5050556.494999999,15040503.690000001,6.0,0.9516166666666667,0.6998029134453977,0.2386,0.72845,2.1695
OR,2038,6.0,5403005.041666667,3968557.3026590506,1340375.59,4109244.9050000003,12269330.379999999,6.0,0.7793,0.5724180046085203,0.1933,0.5927,1.7697
OR,2041,6.0,5373278.49,3947458.2067951364,1335393.53,4091310.62,12210049.54,6.0,0.7750666666666667,0.5694033321527603,0.1926,0.5901000000000001,1.7612
OR,2044,6.0,6724565.97,4922971.532809279,1629081.9500000002,5032953.065,15110651.95,6.0,0.9699499999999999,0.710107255983207,0.235,0.7259,2.1795999999999998
OR,2047,6.0,4506533.346666667,3312180.0643284544,1124096.47,3439501.38,10255209.64,6.0,0.6500666666666667,0.4777860343989417,0.16219999999999998,0.49615,1.4793
OR,2050,6.0,3792784.8433333333,2755215.4271198283,918316.29,2820671.4050000003,8433547.9,6.0,0.5471499999999999,0.3974304907779473,0.13260000000000002,0.40685000000000004,1.2166000000000001
PA,2010,6.0,9235767215.733334,4734138867.495844,4547355202.5199995,8963024955.305,16039311210.68,6.0,1332.1949333333334,682.866534030622,655.9241,1292.8537000000001,2313.5588
PA,2015,6.0,6987748833.329999,3580296852.816844,3463568935.01,6810638297.059999,12133370704.619999,6.0,1007.9340166666666,516.432868477983,499.5955,982.3870499999999,1750.1541
PA,2020,6.0,2477234106.205,1420107835.7613618,909785742.4699999,2059022474.83,4574909415.63,6.0,357.3237666666667,204.84065743873865,131.2304,296.99969999999996,659.8989
PA,2023,6.0,1961828371.9233334,1104457686.5034654,795139903.94,1744836923.755,3717173830.4300003,6.0,282.98005,159.31033086679284,114.69330000000001,251.6806,536.1764000000001
PA,2026,6.0,2165074004.2050004,1244498725.2199304,790578963.2,1794567716.725,4002878655.2700005,6.0,312.29685,179.51020838848967,114.0356,258.8539,577.3871999999999
PA,2029,6.0,1512855167.3816664,845895010.2986528,616391598.95,1345265556.4450002,2843884179.14,6.0,218.21876666666665,122.01443391079052,88.9102,194.04515,410.2104
PA,2032,6.0,1747123600.0833333,981080166.1101125,709331354.22,1553500409.1399999,3300408728.08,6.0,252.0104,141.5139965781477,102.3161,224.08155,476.061
PA,2035,6.0,2200764422.6066666,1271537321.2447493,795170730.76,1815324595.07,4079233627.04,6.0,317.44489999999996,183.41033690917203,114.6977,261.848,588.4009
PA,2038,6.0,1972202981.1483333,1110894822.9801562,796410320.27,1749854119.38,3734571479.05,6.0,284.47655,160.2388520584786,114.8766,252.40429999999998,538.6859
PA,2041,6.0,1991812446.656667,1112971297.3605843,814205609.84,1774825451.7350001,3745418636.7800007,6.0,287.3050333333333,160.5383191839963,117.4434,256.00620000000004,540.2504
PA,2044,6.0,2109579002.0183334,1225887170.1942008,749705131.85,1722471571.955,3902229081.2200003,6.0,304.29203333333334,176.82569288554947,108.1397,248.4545,562.8693999999999
PA,2047,6.0,1421523242.0966666,785673492.2839963,581711401.15,1258924037.235,2629145106.74,6.0,205.04483333333334,113.32788072923039,83.9079,181.59105,379.2358
PA,2050,6.0,1221230594.7133334,669262861.4724313,501924119.7100001,1078861299.04,2230565233.07,6.0,176.15393333333336,96.5365152761931,72.399,155.6182,321.7435
RI,2010,6.0,6228095.301666667,7783079.537145554,913767.94,2863810.75,21171033.55,6.0,0.8983333333333334,1.1226369202314108,0.1318,0.41305000000000003,3.0537
RI,2015,6.0,6701634.620000001,8381960.288358459,981899.88,3074900.215,22794033.12,6.0,0.9666666666666668,1.209048337605518,0.1416,0.44355,3.2879
RI,2020,6.0,2753560.413333333,3382348.9419499524,415121.43999999994,1321219.99,9249976.879999999,6.0,0.3972,0.487894947709033,0.0599,0.1906,1.3343
RI,2023,6.0,4037706.948333333,4892606.274647744,621504.23,2000674.065,13437205.66,6.0,0.5824333333333334,0.7057423259707941,0.0897,0.28855,1.9383
RI,2026,6.0,4175876.4533333336,4310785.854632578,790159.26,2798639.5149999997,12438090.52,6.0,0.6023333333333333,0.6217946949489571,0.114,0.40364999999999995,1.7941
RI,2029,6.0,2713771.736666667,3181488.9126214925,438233.14999999997,1446211.205,8828164.42,6.0,0.39145,0.45894545972261225,0.0632,0.2086,1.2734999999999999
RI,2032,6.0,3224625.02,4110415.758176403,457897.37,1407467.415,11111960.24,6.0,0.4651,0.5929005548993861,0.066,0.203,1.6028
RI,2035,6.0,6748262.73,8336231.302189902,1008435.2,3193818.3999999994,22757589.52,6.0,0.9733666666666667,1.202441326080681,0.1454,0.4607,3.2826
RI,2038,6.0,4781160.499999999,6183006.97541948,662329.15,2004710.13,16640017.75,6.0,0.6896666666666667,0.8918409626534691,0.0955,0.2892,2.4002
RI,2041,6.0,5896389.390000001,7861736.103949496,772730.8300000001,2254093.115,20957811.87,6.0,0.8504833333333331,1.1340088578431238,0.1114,0.3251,3.0229999999999997
RI,2044,6.0,5766988.861666667,7697511.078891603,754230.63,2196992.925,20513141.76,6.0,0.8318333333333334,1.1102742898341234,0.10880000000000001,0.31689999999999996,2.9588
RI,2047,6.0,7664232.099999999,10414527.976779658,968160.21,2750493.1799999997,27600154.47,6.0,1.1055166666666667,1.5021984002343587,0.1397,0.39675000000000005,3.9811
RI,2050,6.0,8133002.163333334,11127474.600038622,1013351.36,2849306.085,29427098.27,6.0,1.1731,1.605051413506745,0.1462,0.41095,4.2446
SC,2010,6.0,970342993.2733334,477190007.6968915,488773811.43,927604658.855,1540144527.41,6.0,139.9652,68.83133362244263,70.5022,133.80055,222.1551
SC,2015,6.0,543093335.1999999,266232644.48768637,277347642.48,523328801.885,858379936.21,6.0,78.33746666666666,38.40220129699164,40.0055,75.48655,123.8154
SC,2020,6.0,405824807.14000005,198717936.4804759,208333700.02,392235834.735,640313058.99,6.0,58.53745,28.66369619255339,30.0507,56.577349999999996,92.3607
SC,2023,6.0,738878841.7400001,363051131.2818557,374762639.81,709927802.245,1174192893.3500001,6.0,106.57811666666665,52.36757506928946,54.0569,102.40214999999999,169.3691
SC,2026,6.0,1343628100.0666668,660949762.1650312,679017288.39,1288752214.705,2140128055.48,6.0,193.80906666666667,95.33740334638169,97.94369999999999,185.8935,308.69870000000003
SC,2029,6.0,598843408.385,293199147.3177919,316535440.99,591854657.65,951843276.3399999,6.0,86.37896666666667,42.29189965209256,45.6581,85.3708,137.2968
SC,2032,6.0,533401774.715,261899852.187089,271132335.42,512993578.435,846299453.77,6.0,76.93946666666666,37.77721437304062,39.1089,73.99575,122.0727
SC,2035,6.0,513264031.7916667,251590119.6195762,263449891.04,496687940.79,813225155.51,6.0,74.03476666666667,36.290088726740066,38.0009,71.6438,117.3021
SC,2038,6.0,486793457.2483333,239078357.282522,247754098.9,468843026.24,773750337.7199999,6.0,70.21655,34.485408369439384,35.736799999999995,67.62729999999999,111.6081
SC,2041,6.0,490518523.77833325,240750989.2920294,250007151.43,472619527.24,778283355.84,6.0,70.75386666666667,34.72665249710467,36.0617,68.1722,112.2619
SC,2044,6.0,491986035.835,241400036.3728529,251102102.61999997,474417627.66499996,780295377.75,6.0,70.96555,34.82030791453459,36.2197,68.4314,112.5522
SC,2047,6.0,353503600.095,173290163.4460889,181471191.45999998,342150980.735,560270386.21,6.0,50.990399999999994,24.9958848663535,26.1759,49.3529,80.8151
SC,2050,6.0,240835253.48500004,117759804.13510914,124866560.64,234268536.55,379557683.68,6.0,34.73876666666667,16.986036864044145,18.0111,33.7915,54.74849999999999
SD,2010,6.0,36496266.26166666,18341204.752224118,17137577.310000002,33514288.005,59091409.79,6.0,5.264283333333332,2.645625965564041,2.472,4.8340499999999995,8.5236
SD,2015,6.0,16660296.351666668,8521049.500025904,7644521.17,15285066.055,28082294.29,6.0,2.4030833333333335,1.2290958732607749,1.1027,2.2047,4.0506
SD,2020,6.0,14063904.799999999,7169746.527630975,6478243.41,12905481.485,23553178.759999998,6.0,2.028566666666667,1.034184035201988,0.9344000000000001,1.86145,3.3973
SD,2023,6.0,49713917.708333336,25905320.79725586,22422140.14,45673004.115,86686332.06,6.0,7.170850000000001,3.736651758861133,3.2342000000000004,6.588,12.5038
SD,2026,6.0,37851717.58166667,19680664.609852605,17109844.38,34779550.66500001,65775808.78,6.0,5.459816666666666,2.8388039265977256,2.4679,5.0167,9.4876
SD,2029,6.0,10341072.051666668,5206183.438843579,4829198.47,9462110.760000002,16744487.61,6.0,1.4915833333333335,0.7509678406341158,0.6965,1.3647999999999998,2.4153
SD,2032,6.0,23190451.698333334,11999025.538685374,10474533.23,21207767.905,39835745.58,6.0,3.3450166666666665,1.7307754128328339,1.5109,3.059,5.7461
SD,2035,6.0,33464005.203333333,17454047.982774436,15039209.83,30675257.705000002,58353816.370000005,6.0,4.826933333333333,2.5176412823646395,2.1693,4.42465,8.4171
SD,2038,6.0,32470547.866666663,16942118.957773153,14590100.95,29768603.464999996,56659452.42,6.0,4.68365,2.4437865158397116,2.1045,4.293950000000001,8.172699999999999
SD,2041,6.0,49881427.835,26113716.535642732,22372628.28,45777402.16,87549611.15,6.0,7.195033333333332,3.7666952383577126,3.2271,6.6030999999999995,12.6283
SD,2044,6.0,51385534.26333333,26735756.960506666,23120575.75,47058121.55,89193634.57,6.0,7.411999999999999,3.85646562126515,3.335,6.7878,12.8656
SD,2047,6.0,93491662.71,50273366.61952451,41429863.09,86465749.215,170832677.31,6.0,13.4855,7.251594438466619,5.976,12.4721,24.6414
SD,2050,6.0,47434649.55833334,24431528.127257816,21490365.97,43312912.705,80709728.75,6.0,6.842183333333334,3.5240928701818666,3.0999,6.2477,11.6419
TN,2010,6.0,2981900197.3316665,1594298082.310093,1408537326.78,2873247439.23,5466502217.16,6.0,430.1182833333334,229.9663652850079,203.1717,414.44585,788.5048
TN,2015,6.0,3274603078.0699997,1723073728.4530175,1555368517.08,3143350656.88,5885163191.280001,6.0,472.33868333333334,248.54140317815393,224.35109999999997,453.4065,848.8937999999999
TN,2020,6.0,856585470.0033334,465803552.28055024,402407989.97,828452508.325,1600739745.1,6.0,123.55648333333333,67.18888671271213,58.0446,119.4985,230.89549999999997
TN,2023,6.0,1090520691.1050003,589880982.4032544,513167447.39,1053505438.6600001,2026055770.56,6.0,157.29999999999998,85.08621395972439,74.02080000000001,151.9608,292.2444
TN,2026,6.0,818504413.1083332,443049855.64325595,385079220.12,790840856.905,1521855516.31,6.0,118.06355,63.90682043108544,55.545,114.0733,219.517
TN,2029,6.0,215995452.89166668,119190472.17768593,101014347.56,209536980.955,409920136.94,6.0,31.155866666666668,17.19241824545537,14.5707,30.22425,59.12820000000001
TN,2032,6.0,60845260.84166667,38371750.76434688,24441434.490000002,56600177.004999995,129510313.25,6.0,8.776533333333333,5.534849731534423,3.5256,8.164200000000001,18.681
TN,2035,6.0,62150414.97333334,39183235.48256141,24975087.909999996,57820552.980000004,132258733.52000001,6.0,8.964766666666666,5.651894411493076,3.6025,8.3402,19.077399999999997
TN,2038,6.0,56065225.73166666,35355630.40524853,22522607.990000002,52154512.24,119331791.75,6.0,8.087016666666667,5.099817097667982,3.2487000000000004,7.52295,17.2128
TN,2041,6.0,56454768.331666656,35601312.48897587,22679071.18,52516866.72,120160989.32,6.0,8.143216666666666,5.1352513634355486,3.2713,7.57525,17.3324
TN,2044,6.0,64039710.531666666,40334127.419599734,25766835.310000002,59600021.765,136176423.79,6.0,9.237283333333332,5.8179197049861955,3.7167000000000003,8.596900000000002,19.6425
TN,2047,6.0,65284536.77666666,41116522.816973254,26269022.16,60759433.464999996,138819290.85,6.0,9.416850000000002,5.930751120305084,3.7892,8.7641,20.0237
TN,2050,6.0,63419700.185,40017212.83317866,25457895.84,58983153.4,135045945.36,6.0,9.147866666666667,5.772154446189625,3.6722,8.507950000000001,19.4794
TX,2010,6.0,6800614676.406667,4084346789.09442,2868837047.08,6394629753.635,13922099211.78,6.0,980.9412166666667,589.1384970206664,413.8099,922.38065,2008.1657
TX,2015,6.0,3860450216.1183333,2355980327.7049065,1667688979.36,3702898391.535,8019193338.54,6.0,556.8429333333333,339.83372920482554,240.5525,534.1171999999999,1156.7126
TX,2020,6.0,3050163124.06,1847428847.776514,1300110642.72,2894925078.48,6293765412.43,6.0,439.96476666666666,266.47883358533875,187.5318,417.57280000000003,907.8319
TX,2023,6.0,3777005547.111666,2242794242.327762,1681755636.56,3652960170.7299995,7669713430.17,6.0,544.8066333333333,323.5073966569894,242.5815,526.91395,1106.3025
TX,2026,6.0,2529375231.266667,1573716465.2737215,1069952446.23,2412823941.195,5335738860.43,6.0,364.84460000000007,226.99764639441528,154.333,348.033,769.6429
TX,2029,6.0,1536076290.3933332,954444612.6185709,644295094.24,1457446266.805,3236210464.85,6.0,221.56841666666665,137.6719388656587,92.93520000000001,210.22665,466.8008
TX,2032,6.0,2451801162.7183337,1547864463.9976063,995754577.85,2296253990.63,5226533655.63,6.0,353.65515,223.268613050171,143.6308,331.21860000000004,753.8909
TX,2035,6.0,2867350618.783333,1795946576.3742614,1185934452.74,2706207546.755,6077716208.02,6.0,413.5953333333334,259.0527044729521,171.0628,390.35155,876.6679999999999
TX,2038,6.0,3481008733.735,2166510949.597965,1446726897.77,3287160389.34,7341427255.38,6.0,502.11123333333336,312.5040396177731,208.6804,474.1499,1058.9496000000001
TX,2041,6.0,3484156474.6766667,2209205510.8304667,1474377108.1,3345906350.445,7460827954.18,6.0,502.56525000000005,318.6625001907865,212.6687,482.6236,1076.1725000000001
TX,2044,6.0,3660932615.9133334,2301704187.0984006,1558354670.92,3517420665.14,7787813208.08,6.0,528.0638833333333,332.00476477385337,224.7817,507.36305,1123.3376
TX,2047,6.0,2953820676.3833337,1851382297.1757088,1197775543.91,2756606810.675,6258540842.0,6.0,426.06784999999996,267.04887976764667,172.7709,397.62115,902.7505
TX,2050,6.0,3476781561.8250003,2183070318.825758,1401339589.78,3235360979.8950005,7374911163.72,6.0,501.5015333333334,314.89262776211626,202.1333,466.67845,1063.7795
UT,2010,6.0,928604070.7583333,456038159.2791057,470833310.92999995,891348172.49,1472326459.0700002,6.0,133.94465,65.78033590199279,67.9144,128.57075,212.3728
UT,2015,6.0,410427781.7,209108098.14915574,206416087.02,402730687.71,706937557.81,6.0,59.20136666666667,30.162387971025545,29.774099999999997,58.0911,101.9709
UT,2020,6.0,500254760.0166667,255256923.2605693,251631412.48,491314182.96999997,863670766.48,6.0,72.15825,36.81902501879973,36.296,70.86865,124.5784
UT,2023,6.0,529052167.33166665,269410646.26551396,266250031.4,519217375.05,910557349.4300001,6.0,76.31205,38.860604099820684,38.4047,74.8934,131.3415
UT,2026,6.0,332657340.9266667,169967076.33169642,166676186.38,326094732.865,575456030.41,6.0,47.983533333333334,24.516585238133526,24.0419,47.0369,83.0056
UT,2029,6.0,331123855.64000005,169388889.4229114,165949942.15,324851795.3,573863174.13,6.0,47.7623,24.433157186495567,23.9371,46.85765,82.7757
UT,2032,6.0,332145400.215,170000460.6528806,166428174.22,325898496.005,576085074.16,6.0,47.909683333333334,24.52138413511086,24.0061,47.0086,83.0963
UT,2035,6.0,434541582.22166663,243648876.64100772,189215747.39,405344422.555,833936423.4499999,6.0,62.679566666666666,35.144616432715075,27.293,58.468050000000005,120.2894
UT,2038,6.0,415813906.3666666,215139861.21674997,205372164.97,406330380.275,732330567.4,6.0,59.97831666666667,31.03243247368254,29.6236,58.61035,105.6336
UT,2041,6.0,235649148.48333335,122125617.98370337,116798631.59,230992526.37,416002987.17,6.0,33.9907,17.615775135258737,16.8473,33.319,60.0055
UT,2044,6.0,116266333.63166666,66003065.767966606,50764080.46,109227359.55000001,226194359.92,6.0,16.77065,9.520502448663095,7.3224,15.75525,32.6271
UT,2047,6.0,85098437.98166667,46846975.05740139,39326056.02,81855697.19,161039412.64999998,6.0,12.274883333333335,6.75732340158932,5.6726,11.80715,23.2288
UT,2050,6.0,101636381.38833332,59395513.62239061,42917627.599999994,94605358.20500001,202851613.81,6.0,14.660333333333332,8.567422133563086,6.1905,13.646149999999999,29.259999999999998
VA,2010,6.0,2096494642.9466667,1081642846.1507049,925855111.4300001,1866398574.1599998,3478959223.75,6.0,302.40473333333335,156.0193799501288,133.5481,269.21505,501.8156
VA,2015,6.0,312197794.7816667,168903923.68479326,123994236.69999999,259888663.045,516964068.07000005,6.0,45.032383333333335,24.36324391975885,17.8853,37.48715,74.5685
VA,2020,6.0,135194655.93666667,71629583.75227861,59364615.78,123020473.13,240285108.17000002,6.0,19.500933333333332,10.332082977147767,8.563,17.74495,34.6595
VA,2023,6.0,208377983.89,103184617.32034896,104155752.76,199516046.22,337690215.56,6.0,30.057066666666667,14.883680180609455,15.0236,28.77885,48.7094
VA,2026,6.0,169026648.345,85977908.82061206,79272776.53999999,157318998.325,285112226.99,6.0,24.380916666666668,12.401647909760488,11.4346,22.69225,41.1253
VA,2029,6.0,89303643.09500001,52572394.567705065,35139339.16,79673811.94500001,177458945.31,6.0,12.881416666666665,7.583288288444971,5.068499999999999,11.4924,25.597299999999997
VA,2032,6.0,111357553.47833334,65972233.93666993,49253298.7,107186755.75,225672590.44,6.0,16.062566666666665,9.516044557623017,7.104299999999999,15.46105,32.5517
VA,2035,6.0,44568521.78666666,28328085.385584395,17963692.45,41660281.80500001,95500054.23,6.0,6.428683333333335,4.086148220227292,2.591,6.009200000000001,13.7752
VA,2038,6.0,58588572.30666667,34127882.77660456,23489929.4,52658220.66,115534125.30000001,6.0,8.450933333333333,4.922748048668209,3.3881,7.5954999999999995,16.665
VA,2041,6.0,43925956.986666664,28019856.451585244,17666657.259999998,41062323.455,94388147.18,6.0,6.336016666666667,4.041667903931081,2.5482000000000005,5.92295,13.614799999999999
VA,2044,6.0,39420188.538333334,25539666.365410253,16110591.05,37392397.125,85801479.36,6.0,5.686166666666668,3.6839257596573076,2.324,5.39365,12.3764
VA,2047,6.0,4608657.986666667,4139416.8979101703,1002285.1,3705350.8,12425470.86,6.0,0.6647666666666666,0.597033552379317,0.1446,0.5345,1.7922
VA,2050,6.0,4608657.986666667,4139416.8979101703,1002285.1,3705350.8,12425470.86,6.0,0.6647666666666666,0.597033552379317,0.1446,0.5345,1.7922
VT,2010,6.0,5405424.355,3843552.7061832566,1743477.8199999998,4664994.495000001,12462863.86,6.0,0.7797,0.5544175069385886,0.2514,0.6728999999999999,1.7976999999999999
VT,2015,6.0,2968529.4916666667,2308583.250334174,848598.44,2507104.75,7281580.31,6.0,0.42819999999999997,0.3329409977758822,0.1225,0.36165,1.0502
VT,2020,6.0,2694263.646666667,1980314.0588829974,832722.66,2306940.535,6357705.449999999,6.0,0.38858333333333334,0.2856414214827161,0.1201,0.3327,0.917
VT,2023,6.0,2032944.7299999997,1490557.9373828669,630370.97,1741720.42,4788970.38,6.0,0.29323333333333335,0.21501152217187494,0.0909,0.2512,0.6908
VT,2026,6.0,2196599.27,1702975.1329933603,630756.17,1856584.54,5376745.5600000005,6.0,0.31688333333333335,0.24565048680323573,0.09100000000000001,0.26785000000000003,0.7756000000000001
VT,2029,6.0,125792.11833333333,89353.84264827144,40625.31,108587.42,289820.06999999995,6.0,0.018166666666666668,0.012871622534345338,0.0059,0.0157,0.041800000000000004
VT,2032,6.0,125792.11833333333,89353.84264827144,40625.31,108587.42,289820.06999999995,6.0,0.018166666666666668,0.012871622534345338,0.0059,0.0157,0.041800000000000004
VT,2035,6.0,125792.11833333333,89353.84264827144,40625.31,108587.42,289820.06999999995,6.0,0.018166666666666668,0.012871622534345338,0.0059,0.0157,0.041800000000000004
VT,2041,6.0,0.0,0.0,0.0,0.0,0.0,6.0,0.0,0.0,0.0,0.0,0.0
VT,2047,6.0,0.0,0.0,0.0,0.0,0.0,6.0,0.0,0.0,0.0,0.0,0.0
WA,2010,6.0,247152729.21833327,232153590.6510846,56859667.2,187986128.115,691459922.8599999,6.0,35.65005,33.486515475441756,8.201600000000001,27.115699999999997,99.7382
WA,2015,6.0,35910768.165,34278161.33082051,8249711.02,26725042.3,101645752.97,6.0,5.179883333333334,4.944391224980753,1.19,3.8548999999999998,14.661700000000002
WA,2020,6.0,44819386.98833334,42795699.113207154,10096966.9,33382358.990000002,126806494.77,6.0,6.464966666666666,6.172966447557178,1.4564,4.815250000000001,18.291
WA,2023,6.0,98337540.76666667,90352513.9036768,21599023.15,77338670.66,270031753.29,6.0,14.18455,13.032705632024381,3.1155,11.155650000000001,38.9502
WA,2026,6.0,9594870.661666667,9300313.57641421,1696306.1400000001,7136912.41,27164957.3,6.0,1.3839499999999998,1.3414987704056982,0.2447,1.0293999999999999,3.9183
WA,2029,6.0,7825666.743333333,7696853.663482995,1387994.48,5690238.734999999,22417451.2,6.0,1.1288166666666666,1.1102318612193882,0.2001,0.8208,3.2336
WA,2032,6.0,11407165.57,11321043.741112236,1929335.27,8213736.375,32838367.799999997,6.0,1.6454166666666665,1.6329659756610566,0.2783,1.18485,4.7367
WA,2035,6.0,9703622.76,9965791.65765375,1592538.0,6625922.209999999,28656759.28,6.0,1.39965,1.4375000100869562,0.2296,0.9557,4.1335
WA,2038,6.0,18852082.94,20302781.611244615,3125595.53,11849737.515,57720454.120000005,6.0,2.7192833333333333,2.928607824490447,0.4507,1.7093000000000003,8.3259
WA,2041,6.0,17286052.01833333,18608685.241090868,2660509.24,10925797.65,52804541.37,6.0,2.4934,2.6842054608393897,0.38380000000000003,1.576,7.6168000000000005
WA,2044,6.0,16913782.951666668,18609284.550373092,2469831.5500000003,10299991.955,52448413.78,6.0,2.4396999999999998,2.684332907073934,0.3563,1.4856500000000001,7.5655
WA,2047,6.0,18429848.653333332,20222429.497433007,2706913.09,11277155.325000001,57041772.9,6.0,2.6584333333333334,2.916970991056762,0.3905,1.6266500000000002,8.228
WA,2050,6.0,35519789.306666665,40287992.851410456,4405366.5,20716608.25,112269271.36000001,6.0,5.12355,5.8113632485846205,0.6353,2.9884,16.1943
WI,2010,6.0,2123312591.4950001,1131264516.172225,1014788785.6099999,2058428442.825,3878639136.23,6.0,306.27296666666666,163.17701936488075,146.376,296.9139,559.4665
WI,2015,6.0,2456570783.6466665,1281879022.0835953,1182834330.8,2370097216.58,4370858536.87,6.0,354.34318333333334,184.90201077439278,170.6157,341.86995,630.4658
WI,2020,6.0,463824374.83166665,255222442.9731376,216280444.04000002,448625031.545,877605636.39,6.0,66.90346666666666,36.81409655247113,31.197,64.71105,126.5886
WI,2023,6.0,932488834.6283334,507743419.9365189,435415323.99,898858682.59,1744628291.04,6.0,134.50503333333333,73.23847693500095,62.805499999999995,129.65405,251.6505
WI,2026,6.0,709632830.2183332,388744017.65038586,327308492.28999996,680383064.9,1335605031.47,6.0,102.3596,56.073618197972564,47.212,98.14054999999999,192.6517
WI,2029,6.0,593744517.2933334,334815498.7481735,264183223.77,563018511.95,1149219424.6200001,6.0,85.64346666666665,48.29481338432386,38.1065,81.21145,165.7669
WI,2032,6.0,669863018.3749999,370558915.3774932,311898728.3,648674643.295,1274394890.94,6.0,96.62308333333333,53.45046912727396,44.9893,93.56675,183.8225
WI,2035,6.0,518533468.92666656,278160595.7250637,248105526.39,504541236.97,954851943.14,6.0,74.7948,40.122675869986544,35.7876,72.77645,137.7307
WI,2038,6.0,648115087.3283333,341624424.0947632,316450480.88,634063574.185,1169254900.53,6.0,93.48610000000001,49.276983744786975,45.6458,91.45925,168.6569
WI,2041,6.0,627279071.875,337357165.2336311,293740717.86,602566686.4649999,1157324002.81,6.0,90.48058333333334,48.66141271633682,42.37,86.916,166.9359
WI,2044,6.0,521991216.72166663,279621267.8715588,250786070.5,508935766.65,959740459.8,6.0,75.2936,40.33345823308485,36.174099999999996,73.41045,138.4359
WI,2047,6.0,609104992.5200001,328687118.5363866,287888510.85,589496730.5550001,1128797162.59,6.0,87.85901666666666,47.41081088829495,41.526,85.03055,162.8211
WI,2050,6.0,534367699.8266666,288625624.8493051,252730384.81,517586178.745,991359425.77,6.0,77.07881666666667,41.63222655782017,36.4547,74.65815,142.9967
WV,2010,6.0,3095521886.9233336,1512309770.8908713,1648093217.38,3068468937.1400003,4888287527.99,6.0,446.5074,218.14011110163125,237.7259,442.6052,705.1013
WV,2015,6.0,3264359205.6649995,1594798356.3243172,1731116348.86,3226854951.02,5154127540.780001,6.0,470.86103333333335,230.03850840755914,249.7015,465.45125,743.4468999999999
WV,2020,6.0,1568171466.5883334,767095393.8648257,824353684.52,1542378683.09,2483976639.23,6.0,226.19781666666665,110.6481587162555,118.9073,222.47745,358.2963
WV,2023,6.0,2799686248.22,1377554918.5625448,1437109409.7,2720787695.0699997,4494483647.650001,6.0,403.8352,198.7027163879347,207.2929,392.45459999999997,648.298
WV,2026,6.0,1745595717.3666666,859255148.7810462,896289410.06,1697468049.52,2806081377.15,6.0,251.78998333333334,123.94155763223918,129.2835,244.8479,404.7576
WV,2029,6.0,1882106064.925,927657367.6092683,962788246.71,1827282188.065,3034180396.67,6.0,271.48066666666665,133.80809830944713,138.8754,263.57275,437.65930000000003
WV,2032,6.0,1877838514.635,918223276.8683636,994659396.36,1856343206.79,2973093700.82,6.0,270.8650666666667,132.44731663612768,143.4726,267.76455,428.848
WV,2035,6.0,2603163364.8533335,1270946723.4925537,1365211279.6399999,2550465975.605,4093816603.66,6.0,375.4881666666667,183.32511337340193,196.9223,367.887,590.5043000000001
WV,2038,6.0,2648292222.2566667,1293232017.3506894,1386589446.78,2591986925.465,4166054616.76,6.0,381.9976833333333,186.53970935274256,200.0059,373.87605,600.9243
WV,2041,6.0,1871304624.4599998,915150211.5567698,991713781.0799999,1850802333.455,2964065665.39,6.0,269.9225833333333,132.0040122023784,143.0478,266.96524999999997,427.5457
WV,2044,6.0,2483148038.685,1213353320.1422198,1294536663.02,2424036773.1,3910682687.4500003,6.0,358.17675,175.0177823178862,186.7279,349.65035,564.0887
WV,2047,6.0,1134087537.2016668,556136289.1788299,597356092.1800001,1119709853.565,1810498947.23,6.0,163.58421666666666,80.2187333028992,86.1645,161.5104,261.1517
WV,2050,6.0,437686841.14000005,215861817.81473628,226430283.24,428754623.765,708500723.4300001,6.0,63.13328333333334,31.136557305869037,32.661,61.844899999999996,102.1963
WY,2010,6.0,757139175.5266666,397881095.4103616,327268175.7,674658077.21,1306526786.68,6.0,109.21199999999999,57.39162045027131,47.2061,97.3146,188.4574
WY,2015,6.0,289049715.4966666,152500375.74871278,124064885.4,256858141.49,500949578.51,6.0,41.69338333333334,21.99707867935346,17.8954,37.05,72.2584
WY,2020,6.0,167822920.08,88815663.22953674,73276124.19,151871631.35500002,296717988.83,6.0,24.207283333333333,12.81102941584581,10.569600000000001,21.906399999999998,42.7994
WY,2023,6.0,689680367.55,358614877.48655117,322506420.43,650628405.395,1214460450.56,6.0,99.48155000000001,51.72766423753348,46.5194,93.8485,175.1774
WY,2026,6.0,402546142.8933334,223348282.41636536,154651342.74,337430805.025,713100064.03,6.0,58.06450000000001,32.21640879936806,22.307399999999998,48.6721,102.8596
WY,2029,6.0,262792505.41,137979115.24432173,113579488.66,233918735.34499997,452286011.03999996,6.0,37.90605,19.902509392812757,16.3832,33.74125,65.2392
WY,2032,6.0,444530625.40833336,242429555.09957945,176129626.47,377130145.23,775319068.7900001,6.0,64.12041666666667,34.96873125724847,25.4055,54.398300000000006,111.8343
WY,2035,6.0,447080548.035,234895625.6277956,194063724.09,399933721.4,774100494.77,6.0,64.48821666666666,33.882075246266524,27.9923,57.6875,111.65859999999999
WY,2038,6.0,257663738.345,134068510.87120582,111472373.85000001,226556986.79,428364635.91,6.0,37.16623333333334,19.338520603879367,16.0789,32.6793,61.7886
WY,2041,6.0,315457017.295,175232274.7175641,119206602.66,258282642.945,540351972.76,6.0,45.5025,25.276061164350747,17.1947,37.25555,77.94200000000001
WY,2044,6.0,263350813.4766667,138058555.23974055,111984683.47,229195169.11,438540622.62,6.0,37.9865,19.91403566763904,16.1528,33.05975,63.256499999999996
WY,2047,6.0,243968565.88333333,127786504.67855579,103949385.49000001,212582682.8,406215974.81,6.0,35.19075,18.432338662877264,14.9939,30.6635,58.5939
WY,2050,6.0,381778401.54333335,195519529.84377915,174692118.63,349826650.055,644478733.75,6.0,55.06888333333333,28.202339337325668,25.198,50.460049999999995,92.9616
