r,t,Value
p1,2010,41793490.988284
p1,2015,36591221.325237
p1,2020,31276431.968419
p1,2023,36920719.964412
p1,2026,40096558.294462
p1,2029,41818934.033435
p1,2032,43025630.683795
p1,2035,31906468.947001
p1,2038,20439176.364709
p1,2041,23791832.375974
p1,2044,26437087.199965
p1,2047,26838430.182041
p1,2050,27374998.788841
p2,2010,-8870079.102926
p2,2015,518088.501084
p2,2020,-11654718.511233
p2,2023,-5669803.431462
p2,2026,-6575765.202396
p2,2029,-11487001.096708
p2,2032,-18374593.074603
p2,2035,-16679963.661011
p2,2038,-13507247.507279
p2,2041,-15811405.864882
p2,2044,-16370220.684312
p2,2047,-18805637.158917
p2,2050,-21255255.787695
p3,2010,7945884.952675
p3,2015,4569480.672375
p3,2020,3944894.779885
p3,2023,3894683.864686
p3,2026,5315156.956414
p3,2029,6959050.040441
p3,2032,5211810.26611
p3,2035,6820425.202451
p3,2038,6046660.986512
p3,2041,5793404.859636
p3,2044,6248552.566753
p3,2047,3386853.591238
p3,2050,-2518422.005139
p4,2010,-49236018.243194
p4,2015,-57038137.407624
p4,2020,-64854934.344728
p4,2023,-64997076.788514
p4,2026,-64891351.656614
p4,2029,-63132358.778612
p4,2032,-58871403.683363
p4,2035,-58053953.884694
p4,2038,-57992188.19467
p4,2041,-57338629.111951
p4,2044,-58853848.277324
p4,2047,-58664244.178312
p4,2050,-58855967.60607
p5,2010,-8331070.883394
p5,2015,-4687717.862808
p5,2020,-15542595.043937
p5,2023,-11267925.841144
p5,2026,-5020808.744282
p5,2029,279284.825154
p5,2032,7830157.195745
p5,2035,17942816.363097
p5,2038,26121786.952594
p5,2041,28200954.985578
p5,2044,31804126.072434
p5,2047,36336570.00884
p5,2050,42449300.874599
p6,2010,5520200.96634
p6,2015,7391362.644663
p6,2020,6176663.016278
p6,2023,7750919.740894
p6,2026,10470428.387845
p6,2029,11648253.179159
p6,2032,12280112.86028
p6,2035,13403224.946053
p6,2038,14314536.116653
p6,2041,16770237.490359
p6,2044,19239426.049996
p6,2047,20162697.745102
p6,2050,20694765.308219
p7,2010,100468.0053
p7,2015,236395.405308
p7,2020,-610056.183083
p7,2023,-1476547.93435
p7,2026,-1000672.41763
p7,2029,-4079637.775635
p7,2032,-10011983.110166
p7,2035,-17056468.539326
p7,2038,-22284614.5987
p7,2041,-23919072.915993
p7,2044,-25836927.79117
p7,2047,-27325665.895584
p7,2050,-28852549.605698
p8,2010,918360.262247
p8,2015,958965.674317
p8,2020,810415.450717
p8,2023,929432.883843
p8,2026,-42124.392955
p8,2029,-1393840.987848
p8,2032,-1215566.99292
p8,2035,-1296013.848388
p8,2038,-1613829.561029
p8,2041,-1389116.269338
p8,2044,-1773108.347748
p8,2047,-1649674.282123
p8,2050,-1698481.741987
p9,2010,6552330.829234
p9,2015,3047730.795399
p9,2020,31108930.840561
p9,2023,19295210.886663
p9,2026,17485204.185703
p9,2029,12266005.817444
p9,2032,22513735.578977
p9,2035,27118949.610145
p9,2038,22360328.919554
p9,2041,33725470.418805
p9,2044,40920170.939596
p9,2047,40833632.462178
p9,2050,42201197.136642
p10,2010,41328949.257418
p10,2015,9401368.099174
p10,2020,64688410.585646
p10,2023,42569459.615022
p10,2026,28806465.859816
p10,2029,38770008.715997
p10,2032,30471236.035467
p10,2035,49405337.335859
p10,2038,59814535.548434
p10,2041,47128111.275693
p10,2044,46955911.519016
p10,2047,51780111.251509
p10,2050,59889902.641539
p11,2010,8379234.654524
p11,2015,495810.36881
p11,2020,14014478.584242
p11,2023,11448972.398455
p11,2026,10734639.236352
p11,2029,9033442.460636
p11,2032,11163225.512221
p11,2035,12059303.061231
p11,2038,7326384.99563
p11,2041,5504235.64733
p11,2044,857436.615899
p11,2047,-1792901.310923
p11,2050,-2571118.915252
p12,2010,953671.816491
p12,2015,89699.594188
p12,2020,-8081157.327623
p12,2023,-4793077.616478
p12,2026,-3848835.663355
p12,2029,-3937961.478173
p12,2032,1301617.502459
p12,2035,680428.401638
p12,2038,64635.877335
p12,2041,-2276735.074793
p12,2044,-923336.228627
p12,2047,-1627003.552457
p12,2050,-1764930.25286
p13,2010,-10429467.988296
p13,2015,-10397104.60223
p13,2020,-17860932.238638
p13,2023,-9221132.428439
p13,2026,-6711674.556138
p13,2029,-6088616.387448
p13,2032,-20515484.131568
p13,2035,-39302025.028371
p13,2038,-36167968.10631
p13,2041,-37276024.881554
p13,2044,-37853060.424031
p13,2047,-41055607.158487
p13,2050,-41776660.357464
p14,2010,2164143.439551
p14,2015,1826596.63045
p14,2020,1372271.752826
p14,2023,2768489.461106
p14,2026,2182837.294618
p14,2029,3004713.810138
p14,2032,3432896.373609
p14,2035,3888863.395526
p14,2038,4298954.973612
p14,2041,4325905.830967
p14,2044,4046876.233777
p14,2047,4517088.22822
p14,2050,4891138.680046
p15,2010,7728407.0772
p15,2015,6049104.417145
p15,2020,5079203.129477
p15,2023,6470115.521616
p15,2026,6705892.33227
p15,2029,4824729.240314
p15,2032,5640344.384765
p15,2035,2819308.606575
p15,2038,2432425.410283
p15,2041,301064.717351
p15,2044,-1821858.715407
p15,2047,-1693421.54243
p15,2050,-4341770.895404
p16,2010,2891828.448741
p16,2015,2054709.59657
p16,2020,1969906.883617
p16,2023,1077058.54287
p16,2026,1179144.949393
p16,2029,-180176.455056
p16,2032,-65419.332108
p16,2035,422414.207227
p16,2038,-1491156.642269
p16,2041,-1247322.365042
p16,2044,-2736386.927745
p16,2047,-2664012.993455
p16,2050,-2703241.22725
p17,2010,1571209.410133
p17,2015,1279021.6644
p17,2020,865261.781785
p17,2023,1173962.048103
p17,2026,1677996.646634
p17,2029,1365845.84973
p17,2032,2504102.251416
p17,2035,1102408.884247
p17,2038,2154805.452742
p17,2041,973385.944882
p17,2044,2277235.899912
p17,2047,1072109.143083
p17,2050,1522348.031938
p18,2010,-136480.855216
p18,2015,-615110.01468
p18,2020,-1254546.747616
p18,2023,-2769754.011592
p18,2026,-4362874.227773
p18,2029,-9233242.352034
p18,2032,-8931434.241246
p18,2035,-9455532.923805
p18,2038,-9668447.057663
p18,2041,-10743183.583384
p18,2044,-16398401.438524
p18,2047,-16530240.520561
p18,2050,-16759524.593354
p20,2010,-13491926.665859
p20,2015,-503131.715429
p20,2020,102724.968979
p20,2023,-5985534.877987
p20,2026,-6846182.841101
p20,2029,-5754496.525959
p20,2032,-9457638.731786
p20,2035,-10343757.754767
p20,2038,-10708957.438909
p20,2041,-10135566.20609
p20,2044,-10278285.633686
p20,2047,-9899463.453177
p20,2050,-10107769.10962
p21,2010,-9821337.199526
p21,2015,-40185.978407
p21,2020,-1570983.449532
p21,2023,-7525939.35736
p21,2026,-5898958.072651
p21,2029,-6822124.216949
p21,2032,-8559636.541786
p21,2035,-8375563.94008
p21,2038,-4410590.128709
p21,2041,-3361693.38224
p21,2044,-4218554.119736
p21,2047,-5636893.308694
p21,2050,-5842170.840981
p22,2010,1419296.145
p22,2015,1404031.914
p22,2020,1272438.918
p22,2023,1450171.032
p22,2026,1629110.607
p22,2029,1873775.9484
p22,2032,791619.165064
p22,2035,801552.883257
p22,2038,705560.465668
p22,2041,357357.793798
p22,2044,682620.507168
p22,2047,797290.811415
p22,2050,695209.762774
p23,2010,-1732853.358848
p23,2015,470999.478
p23,2020,367691.2461
p23,2023,472236.9933
p23,2026,586952.3946
p23,2029,-941871.329444
p23,2032,-2130966.57688
p23,2035,-2158853.705455
p23,2038,-2011164.098899
p23,2041,-1749065.314832
p23,2044,-1550132.196097
p23,2047,-2517489.380662
p23,2050,-2955739.063438
p24,2010,-14747925.275155
p24,2015,-3931169.281383
p24,2020,-5364309.490973
p24,2023,-14424587.43268
p24,2026,-28792386.808387
p24,2029,-37748027.234457
p24,2032,-37976379.33762
p24,2035,-43278978.803449
p24,2038,-47980141.949057
p24,2041,-52154860.470126
p24,2044,-56527113.295509
p24,2047,-58895013.487821
p24,2050,-56113195.608235
p25,2010,-4506669.509669
p25,2015,-132901.921227
p25,2020,-13439632.368982
p25,2023,-9183027.502091
p25,2026,4207574.706758
p25,2029,4365198.85197
p25,2032,5463888.055298
p25,2035,7359975.338588
p25,2038,5977256.576589
p25,2041,7214901.721328
p25,2044,9743193.654985
p25,2047,9810834.059624
p25,2050,11509363.673133
p26,2010,-2551564.3116
p26,2015,-1695123.110827
p26,2020,-2635927.123054
p26,2023,-2532113.918698
p26,2026,-2247902.275686
p26,2029,-2317999.739901
p26,2032,-2631734.689289
p26,2035,-3868055.256302
p26,2038,-3755308.475154
p26,2041,-4090864.780071
p26,2044,-4318139.879029
p26,2047,-4315020.006174
p26,2050,-5883774.493724
p27,2010,650515.166273
p27,2015,-726570.05831
p27,2020,-1817302.779423
p27,2023,-262651.205415
p27,2026,1412094.793401
p27,2029,-2093498.053569
p27,2032,-4867810.232051
p27,2035,-4959112.081339
p27,2038,-5006071.038149
p27,2041,-4487485.53688
p27,2044,-5884119.198293
p27,2047,-5797226.440086
p27,2050,-6682193.070424
p28,2010,-11179354.063141
p28,2015,-6980774.119018
p28,2020,-26789192.343928
p28,2023,-5414942.10556
p28,2026,-8530049.819217
p28,2029,4394669.148742
p28,2032,16577059.347776
p28,2035,16496847.047999
p28,2038,23749782.863423
p28,2041,26047249.199315
p28,2044,29055263.666084
p28,2047,30926227.662501
p28,2050,26717172.698361
p29,2010,-16058208.139248
p29,2015,-4901660.843066
p29,2020,-13200450.696202
p29,2023,-16562432.41048
p29,2026,-16842444.741055
p29,2029,-14079425.949768
p29,2032,-13283772.556776
p29,2035,-11787991.333545
p29,2038,-16447515.646678
p29,2041,-16997016.463253
p29,2044,-18088585.580483
p29,2047,-18485832.605233
p29,2050,-16162437.543417
p30,2010,9998630.731338
p30,2015,10046641.233996
p30,2020,9986044.041647
p30,2023,9767793.123711
p30,2026,2505327.756522
p30,2029,3758388.021274
p30,2032,-1035011.518397
p30,2035,-195536.732255
p30,2038,-2222797.973253
p30,2041,-1840317.48973
p30,2044,-2996715.98245
p30,2047,-2075982.505171
p30,2050,-4395339.067218
p31,2010,-14006375.612172
p31,2015,-1515727.039339
p31,2020,323222.468947
p31,2023,-2911919.256433
p31,2026,-3361394.492653
p31,2029,-18244102.328212
p31,2032,-16097677.848743
p31,2035,-17908746.74167
p31,2038,-17893884.710819
p31,2041,-16989371.285096
p31,2044,-19132918.580998
p31,2047,-17905048.510345
p31,2050,-16337713.010583
p32,2010,1487153.325
p32,2015,1597594.227
p32,2020,1311550.6482
p32,2023,1242053.295624
p32,2026,1253160.615538
p32,2029,-571395.858254
p32,2032,-342462.536683
p32,2035,-99658.506923
p32,2038,32890.602432
p32,2041,455940.879237
p32,2044,662121.464477
p32,2047,870271.86898
p32,2050,1270139.863324
p33,2010,12812680.995561
p33,2015,6929491.068037
p33,2020,9369556.764865
p33,2023,17324143.812659
p33,2026,24143764.928942
p33,2029,34708369.963814
p33,2032,37513544.473323
p33,2035,44527785.215349
p33,2038,47874183.563867
p33,2041,50797071.855242
p33,2044,54660116.465444
p33,2047,57827218.139147
p33,2050,57620186.696753
p34,2010,135426.35214
p34,2015,-6871374.561322
p34,2020,-7454474.187779
p34,2023,-8085027.466803
p34,2026,-4473264.764889
p34,2029,-1224269.375753
p34,2032,-520776.315411
p34,2035,-1818189.765682
p34,2038,-933387.475164
p34,2041,-802240.107207
p34,2044,74289.885211
p34,2047,-137156.621994
p34,2050,-3380697.238528
p35,2010,94873.371112
p35,2015,429862.8144
p35,2020,337706.634858
p35,2023,-155047.125
p35,2026,-1234862.536768
p35,2029,-1118620.999057
p35,2032,-1836754.521165
p35,2035,-1677137.947408
p35,2038,-1497349.349557
p35,2041,-1415932.510266
p35,2044,-1314503.690394
p35,2047,-1263477.332336
p35,2050,-1057399.929991
p36,2010,-19679461.85893
p36,2015,-8221022.979616
p36,2020,-7789871.924234
p36,2023,-17787695.535865
p36,2026,-13915630.731425
p36,2029,-8207191.756214
p36,2032,-6950681.010181
p36,2035,-4134537.753513
p36,2038,-4220025.007118
p36,2041,-4306033.267868
p36,2044,-2726346.682403
p36,2047,-3119109.147761
p36,2050,-2010748.443046
p37,2010,-4825351.276245
p37,2015,-1936752.314016
p37,2020,-248283.573362
p37,2023,3351721.858789
p37,2026,6020391.65806
p37,2029,-2847155.266294
p37,2032,-4907765.676183
p37,2035,-5602052.964697
p37,2038,-12785287.557178
p37,2041,-10737398.199112
p37,2044,-10743303.931312
p37,2047,-8445807.172231
p37,2050,-6358712.770667
p38,2010,2412152.6361
p38,2015,1127270.296424
p38,2020,-2586110.3336
p38,2023,-5243732.613912
p38,2026,-5299509.405454
p38,2029,-2905086.102962
p38,2032,-2140956.326334
p38,2035,79857.066393
p38,2038,671283.044742
p38,2041,798187.720321
p38,2044,1618521.666692
p38,2047,1545257.284989
p38,2050,846724.263693
p39,2010,1904251.6035
p39,2015,1868018.5038
p39,2020,1875178.42452
p39,2023,2040994.108943
p39,2026,2336109.900357
p39,2029,-3066618.275871
p39,2032,-2927431.717903
p39,2035,-3987507.376258
p39,2038,-3892829.026051
p39,2041,-2915137.472511
p39,2044,-2866234.731286
p39,2047,-2603820.653611
p39,2050,-2093900.377336
p40,2010,-10645067.016913
p40,2015,3341486.814308
p40,2020,-1834899.301282
p40,2023,-9826059.973488
p40,2026,-7964661.670567
p40,2029,-8357412.213086
p40,2032,-10238923.168583
p40,2035,-14661874.095569
p40,2038,-16604093.634419
p40,2041,-16733952.881604
p40,2044,-17813219.046005
p40,2047,-17320147.514577
p40,2050,-19141063.852126
p41,2010,-6069808.723128
p41,2015,760298.121455
p41,2020,6194423.642111
p41,2023,7351136.83375
p41,2026,9856624.275987
p41,2029,13069945.505426
p41,2032,11883132.461674
p41,2035,12499308.351448
p41,2038,12614843.332427
p41,2041,9552110.619479
p41,2044,10713452.034945
p41,2047,10374833.539575
p41,2050,10035435.215176
p42,2010,-13501.183169
p42,2015,-405685.660669
p42,2020,-1185602.49357
p42,2023,208602.692371
p42,2026,504959.542172
p42,2029,-3337090.346102
p42,2032,-6583723.148051
p42,2035,-6179457.843146
p42,2038,-6697687.281814
p42,2041,-7041649.420516
p42,2044,-8766675.011811
p42,2047,-8323218.8874
p42,2050,-8328995.011182
p43,2010,11953565.773789
p43,2015,12888471.240543
p43,2020,10642795.497098
p43,2023,17544450.896789
p43,2026,22544801.317698
p43,2029,31598460.487353
p43,2032,37757485.781676
p43,2035,50970067.520392
p43,2038,56662174.416719
p43,2041,61034457.354735
p43,2044,66129285.762325
p43,2047,68795168.941651
p43,2050,72355953.461002
p44,2010,-1364616.689484
p44,2015,-2411028.631256
p44,2020,-5588602.629806
p44,2023,-7204459.415369
p44,2026,-7782954.605514
p44,2029,-16043166.701279
p44,2032,-16987954.143662
p44,2035,-17471390.397988
p44,2038,-20181575.101968
p44,2041,-21790815.690433
p44,2044,-22539262.153759
p44,2047,-23200919.943009
p44,2050,-23409594.761838
p45,2010,-12363908.535542
p45,2015,-23884463.305014
p45,2020,-25250321.396545
p45,2023,-27140860.624934
p45,2026,-31206839.41892
p45,2029,-39455940.240317
p45,2032,-40420377.477044
p45,2035,-39974009.030725
p45,2038,-37914736.989646
p45,2041,-37494447.278541
p45,2044,-34189915.844787
p45,2047,-34286867.76038
p45,2050,-33863892.264767
p46,2010,5234857.161548
p46,2015,7307277.820384
p46,2020,7449665.111575
p46,2023,7180283.145194
p46,2026,3471608.450807
p46,2029,1547028.300337
p46,2032,3548124.901779
p46,2035,6378075.134647
p46,2038,7487409.840739
p46,2041,9203526.507204
p46,2044,10496779.096681
p46,2047,9953541.425684
p46,2050,11038622.21873
p47,2010,2259678.990209
p47,2015,65041.402123
p47,2020,-3340579.679617
p47,2023,-1482110.195264
p47,2026,-1736457.005973
p47,2029,-2892941.510027
p47,2032,-2801774.766691
p47,2035,-2672922.62216
p47,2038,-1844725.309182
p47,2041,-1329999.340938
p47,2044,-1397340.938657
p47,2047,-1569961.948996
p47,2050,-2123000.466679
p48,2010,2830836.352753
p48,2015,5414514.468731
p48,2020,-4123201.786205
p48,2023,-4166942.331544
p48,2026,-4402239.980039
p48,2029,-4007981.409105
p48,2032,-824390.551296
p48,2035,2917840.629117
p48,2038,1617090.112397
p48,2041,1693956.224034
p48,2044,3430389.480333
p48,2047,2893991.672147
p48,2050,3333995.80902
p49,2010,745335.549
p49,2015,-1257114.7476
p49,2020,-2613527.113543
p49,2023,-3125464.671842
p49,2026,-3111545.501302
p49,2029,-2614739.361198
p49,2032,-7155058.836213
p49,2035,-14892972.964848
p49,2038,-18111456.549582
p49,2041,-18218394.469315
p49,2044,-20722197.284859
p49,2047,-18410160.639132
p49,2050,-16416701.652875
p50,2010,9460076.827648
p50,2015,5573737.931364
p50,2020,-10571498.34996
p50,2023,-16334927.933137
p50,2026,-14383318.316229
p50,2029,-6539976.116318
p50,2032,-61552.993176
p50,2035,1849582.259056
p50,2038,1345133.267014
p50,2041,-6071073.296326
p50,2044,-10047155.843994
p50,2047,-13947587.721133
p50,2050,-19833114.407619
p51,2010,2127001.381805
p51,2015,-3620747.315475
p51,2020,-2445451.104994
p51,2023,6290856.607629
p51,2026,8518434.110884
p51,2029,10328050.349103
p51,2032,17376428.951787
p51,2035,19493679.757004
p51,2038,21474127.680119
p51,2041,22798174.774686
p51,2044,24441887.731553
p51,2047,24371016.396712
p51,2050,23909083.167001
p52,2010,-1257565.0314
p52,2015,-2024488.316232
p52,2020,-2947931.253963
p52,2023,-3492056.355234
p52,2026,-3960317.466307
p52,2029,-3835450.254921
p52,2032,-5024999.501682
p52,2035,-4264055.855198
p52,2038,-4217442.368324
p52,2041,-3833747.617033
p52,2044,-2411869.780513
p52,2047,-2749123.621892
p52,2050,-2161851.761176
p53,2010,6119588.865213
p53,2015,-13620976.298262
p53,2020,-4789465.544695
p53,2023,-17928945.481881
p53,2026,-21502060.458193
p53,2029,-31764083.289229
p53,2032,-24365551.539865
p53,2035,-28252374.594771
p53,2038,-28099699.195669
p53,2041,-24782112.811044
p53,2044,-25355295.08589
p53,2047,-24806343.634567
p53,2050,-22849324.700411
p54,2010,2476035.505735
p54,2015,513090.853126
p54,2020,9059369.316472
p54,2023,7177326.174417
p54,2026,6722237.955366
p54,2029,7138603.51685
p54,2032,6673789.32599
p54,2035,9665700.247715
p54,2038,11462725.736955
p54,2041,11910348.088205
p54,2044,10244369.30307
p54,2047,10918011.623344
p54,2050,10532387.659045
p55,2010,1170728.535469
p55,2015,-904219.216275
p55,2020,5156699.274898
p55,2023,5314564.84754
p55,2026,5241005.116955
p55,2029,6233171.823475
p55,2032,447666.13537
p55,2035,118008.704463
p55,2038,-2013730.48563
p55,2041,-1204817.335663
p55,2044,-314678.203584
p55,2047,141214.185282
p55,2050,1843305.226759
p56,2010,11911261.574208
p56,2015,11719082.513559
p56,2020,12762335.09234
p56,2023,12597809.54164
p56,2026,12978161.531179
p56,2029,14494912.97569
p56,2032,4562126.158573
p56,2035,5726671.217049
p56,2038,6898234.740037
p56,2041,6258880.41561
p56,2044,7221843.796656
p56,2047,8508434.37568
p56,2050,9988409.179465
p57,2010,-23214521.114638
p57,2015,-2547927.814988
p57,2020,535058.793396
p57,2023,5997325.493012
p57,2026,6244083.388215
p57,2029,5018794.225773
p57,2032,1101612.692028
p57,2035,3374382.535038
p57,2038,4547502.722322
p57,2041,6244971.815154
p57,2044,8010761.925931
p57,2047,7217613.296891
p57,2050,7750511.845238
p58,2010,7226056.308998
p58,2015,5752168.463449
p58,2020,-12009280.876534
p58,2023,2933024.503505
p58,2026,-936307.170918
p58,2029,6765315.072563
p58,2032,20714543.103462
p58,2035,33828277.045187
p58,2038,42456354.340565
p58,2041,47387065.381781
p58,2044,54624591.716844
p58,2047,58356983.349198
p58,2050,59164392.426963
p59,2010,1174095.94968
p59,2015,1174095.94968
p59,2020,914408.706154
p59,2023,1174095.94968
p59,2026,1127859.19776
p59,2029,1126251.669874
p59,2032,-339520.665284
p59,2035,-219777.451536
p59,2038,-379874.257065
p59,2041,-740874.182272
p59,2044,-1081967.636659
p59,2047,-1342238.861975
p59,2050,-1739168.536443
p60,2010,-10875092.654925
p60,2015,-9125224.858733
p60,2020,-20845436.152864
p60,2023,-35686103.513632
p60,2026,-48394889.192456
p60,2029,-67429412.914955
p60,2032,-64923947.724147
p60,2035,-62617205.096369
p60,2038,-60927209.696828
p60,2041,-60036294.645427
p60,2044,-57471271.463207
p60,2047,-57693348.849285
p60,2050,-53946191.973441
p61,2010,42756.55041
p61,2015,-24692.377566
p61,2020,-7071983.411293
p61,2023,-22151538.822549
p61,2026,-26462835.452958
p61,2029,-41325153.521267
p61,2032,-43632860.158914
p61,2035,-49333871.805065
p61,2038,-48764431.910764
p61,2041,-45219214.628187
p61,2044,-47079933.159539
p61,2047,-45207186.935463
p61,2050,-45339563.229974
p62,2010,-450932.895721
p62,2015,-2700243.020843
p62,2020,-5757371.164853
p62,2023,-6914270.202372
p62,2026,-9277408.110341
p62,2029,-9326931.525206
p62,2032,-7388478.479872
p62,2035,-4689637.234207
p62,2038,-4133630.616608
p62,2041,-4228374.031934
p62,2044,-2941693.056364
p62,2047,-2180980.706882
p62,2050,-8665459.017833
p63,2010,-14058071.650123
p63,2015,-20450306.305414
p63,2020,2651221.207397
p63,2023,3357722.689057
p63,2026,22212263.796948
p63,2029,41955892.424544
p63,2032,72808698.768235
p63,2035,78181137.322665
p63,2038,76352674.893681
p63,2041,71126515.888013
p63,2044,73421068.772384
p63,2047,74827203.685466
p63,2050,82352075.740024
p64,2010,-28613.355242
p64,2015,-661570.410692
p64,2020,4857939.77654
p64,2023,16607520.723199
p64,2026,28523121.752562
p64,2029,32056122.197226
p64,2032,-26537125.19379
p64,2035,-27348091.133315
p64,2038,-28884491.404241
p64,2041,-33270048.823365
p64,2044,-37725958.890905
p64,2047,-49802446.008011
p64,2050,-61879778.289432
p65,2010,-18870326.805116
p65,2015,-17198419.674034
p65,2020,-23412436.534313
p65,2023,-20220410.103462
p65,2026,-27778801.909452
p65,2029,-24060133.717203
p65,2032,-13440670.848236
p65,2035,-5818888.408213
p65,2038,-3237505.643242
p65,2041,-3542081.650307
p65,2044,2700368.712081
p65,2047,22941.975547
p65,2050,-3756501.410261
p66,2010,10662633.408929
p66,2015,6772435.877018
p66,2020,11230689.178665
p66,2023,2868911.272013
p66,2026,-810205.231323
p66,2029,-11921513.985374
p66,2032,-18537773.667015
p66,2035,-9701308.948783
p66,2038,-8246331.805734
p66,2041,-8339395.738922
p66,2044,-10442947.649407
p66,2047,-13712006.328427
p66,2050,-15338909.3139
p67,2010,45463757.277681
p67,2015,48322639.158515
p67,2020,47492627.995933
p67,2023,62574242.844005
p67,2026,56480264.690627
p67,2029,62209826.885921
p67,2032,77221060.689248
p67,2035,66351686.172255
p67,2038,64442716.162372
p67,2041,69800054.087896
p67,2044,63625832.859656
p67,2047,74514283.576854
p67,2050,85565412.320971
p68,2010,139536.178209
p68,2015,-3502325.678159
p68,2020,-5943586.761599
p68,2023,-4744890.471762
p68,2026,-7358765.91416
p68,2029,-5853444.315251
p68,2032,-5933226.40929
p68,2035,-4669074.465579
p68,2038,-4595560.657785
p68,2041,-9030933.225944
p68,2044,-9306333.758521
p68,2047,-13108822.892121
p68,2050,-15899628.334699
p69,2010,1776388.313623
p69,2015,2815117.659615
p69,2020,2433250.334214
p69,2023,3146741.99939
p69,2026,3728712.132729
p69,2029,3050095.173414
p69,2032,4078815.587334
p69,2035,5273395.760121
p69,2038,6148355.479747
p69,2041,5977629.586447
p69,2044,5565455.379396
p69,2047,4849074.539071
p69,2050,6183364.305796
p70,2010,11369839.037163
p70,2015,5474642.029442
p70,2020,3152977.32487
p70,2023,4577089.558923
p70,2026,4298706.159686
p70,2029,6103248.452932
p70,2032,6657528.183217
p70,2035,-5411613.027435
p70,2038,-14446950.821976
p70,2041,-16127132.719003
p70,2044,-10059484.665839
p70,2047,-9474537.192017
p70,2050,-13768201.0228
p71,2010,1822220.989051
p71,2015,1709976.517876
p71,2020,1248024.787898
p71,2023,1378166.467715
p71,2026,1371991.963365
p71,2029,-4525118.302288
p71,2032,-15177947.325081
p71,2035,-19614407.164311
p71,2038,-19855440.907826
p71,2041,-20750067.748142
p71,2044,-21169059.57575
p71,2047,-20668410.420722
p71,2050,-22165323.633277
p72,2010,-12692101.451209
p72,2015,-11895143.007414
p72,2020,-9680204.304568
p72,2023,-6707858.605553
p72,2026,-2578176.775061
p72,2029,-46112.322335
p72,2032,5696891.70475
p72,2035,9275745.029777
p72,2038,6193036.066634
p72,2041,1748298.396429
p72,2044,-3549145.169564
p72,2047,1033892.590552
p72,2050,5359501.869581
p73,2010,3059137.717215
p73,2015,2870720.595296
p73,2020,2631992.244727
p73,2023,2862802.967019
p73,2026,2843083.333643
p73,2029,2977491.721765
p73,2032,1590203.898748
p73,2035,-7801694.936944
p73,2038,-7892623.836994
p73,2041,-8959300.698511
p73,2044,-10789779.138808
p73,2047,-9976748.888617
p73,2050,-12988591.882523
p74,2010,582885.601139
p74,2015,1304050.7991
p74,2020,798254.387041
p74,2023,1185543.682799
p74,2026,1320273.517851
p74,2029,1462444.978223
p74,2032,-4143276.172871
p74,2035,-4311056.505862
p74,2038,-4257440.744119
p74,2041,-5080830.541351
p74,2044,-6202374.472635
p74,2047,-6594335.710727
p74,2050,-9630400.907988
p75,2010,-11928710.915391
p75,2015,-6528084.930687
p75,2020,-3325815.297387
p75,2023,-6377043.373649
p75,2026,-5518923.458341
p75,2029,-6067698.1522
p75,2032,-1618609.716447
p75,2035,-14460183.23047
p75,2038,-12871103.246408
p75,2041,-11553785.584253
p75,2044,-9153148.558702
p75,2047,-6622695.243596
p75,2050,-5448179.323061
p76,2010,7876224.143064
p76,2015,3905503.701412
p76,2020,4335637.754438
p76,2023,4482835.369034
p76,2026,3437191.069331
p76,2029,2617485.487308
p76,2032,2654824.990178
p76,2035,-15242305.808553
p76,2038,-17653675.89648
p76,2041,-19222211.348392
p76,2044,-33578558.210194
p76,2047,-34297140.650788
p76,2050,-36083792.151672
p77,2010,-670842.145035
p77,2015,2261060.825174
p77,2020,2225733.970848
p77,2023,993647.144391
p77,2026,731370.941714
p77,2029,-1169734.894402
p77,2032,-519897.048037
p77,2035,-2022334.046253
p77,2038,-2831448.672093
p77,2041,-2965348.257079
p77,2044,-8719753.021296
p77,2047,-7821520.835464
p77,2050,-6586143.552679
p78,2010,5829035.973425
p78,2015,2938063.324468
p78,2020,-3312153.50679
p78,2023,1759908.157021
p78,2026,615640.701519
p78,2029,2558804.121207
p78,2032,4547071.368381
p78,2035,7351218.529393
p78,2038,8669028.161647
p78,2041,7127911.254722
p78,2044,6548721.946139
p78,2047,633084.925591
p78,2050,-1724522.904415
p79,2010,-1623524.8884
p79,2015,-121996.737574
p79,2020,14822714.169769
p79,2023,8337062.571087
p79,2026,13816707.489715
p79,2029,22221603.698763
p79,2032,23038548.84956
p79,2035,24920481.141356
p79,2038,29132499.715104
p79,2041,32517790.203792
p79,2044,35133688.975495
p79,2047,33212008.795834
p79,2050,33445713.12138
p80,2010,7274750.090306
p80,2015,449832.188798
p80,2020,-1576924.387976
p80,2023,-1190805.588193
p80,2026,2464794.923984
p80,2029,-2431751.635241
p80,2032,13346148.839736
p80,2035,33795130.94572
p80,2038,45378537.031928
p80,2041,53761120.538475
p80,2044,64544473.464551
p80,2047,90475436.350766
p80,2050,100906565.145553
p81,2010,-30964079.356273
p81,2015,-26451546.431882
p81,2020,-10448519.252753
p81,2023,-15727802.355743
p81,2026,-11992670.497397
p81,2029,-3903145.000005
p81,2032,-982031.446504
p81,2035,3828295.117891
p81,2038,7999397.776921
p81,2041,10561690.004958
p81,2044,15118574.012777
p81,2047,10345309.213113
p81,2050,15336404.172945
p82,2010,6834876.439805
p82,2015,6768557.8263
p82,2020,4343075.047696
p82,2023,950085.629483
p82,2026,3005101.529815
p82,2029,3673985.623625
p82,2032,5226111.104678
p82,2035,4497124.533388
p82,2038,4590538.555629
p82,2041,328274.178088
p82,2044,-92961.213094
p82,2047,-7780089.960782
p82,2050,-13317071.219723
p83,2010,-12213286.711426
p83,2015,-14694375.258526
p83,2020,-13774464.946566
p83,2023,-13799323.060475
p83,2026,-14181597.017912
p83,2029,-12368108.656169
p83,2032,-20653558.915585
p83,2035,-17438575.991913
p83,2038,-16894645.643607
p83,2041,-19488561.406272
p83,2044,-18095921.763936
p83,2047,-21987319.402359
p83,2050,-20611203.481712
p84,2010,-3849167.811852
p84,2015,-4605068.733804
p84,2020,-5190244.938428
p84,2023,-4059779.774282
p84,2026,-4456088.614573
p84,2029,-5325875.441664
p84,2032,-2363110.902845
p84,2035,-1137269.152961
p84,2038,-5454421.729273
p84,2041,-6488887.242653
p84,2044,-13381038.962627
p84,2047,-12733021.41664
p84,2050,-16773351.61207
p85,2010,-24514515.100793
p85,2015,-26469562.283932
p85,2020,-17623535.081889
p85,2023,-24236088.644305
p85,2026,-16023855.541841
p85,2029,-13683618.457715
p85,2032,-10273992.257358
p85,2035,580678.577619
p85,2038,2655071.969839
p85,2041,5776026.815586
p85,2044,6024927.995461
p85,2047,3473783.218568
p85,2050,-3804060.975688
p86,2010,16086367.022902
p86,2015,13520230.608765
p86,2020,17061754.818986
p86,2023,19565761.902995
p86,2026,20574443.805109
p86,2029,22877416.852495
p86,2032,14295306.349359
p86,2035,-11352347.912998
p86,2038,-11606837.886183
p86,2041,-13280593.763149
p86,2044,-13766366.218775
p86,2047,-12560639.533212
p86,2050,-10452545.507978
p87,2010,2571361.13543
p87,2015,-325838.83908
p87,2020,345203.097332
p87,2023,209686.470288
p87,2026,544159.455892
p87,2029,816924.477847
p87,2032,-1183321.135565
p87,2035,-13601852.495362
p87,2038,-28393031.278815
p87,2041,-23350068.086604
p87,2044,-29059464.595982
p87,2047,-28864322.689415
p87,2050,-29760674.696445
p88,2010,5157281.111174
p88,2015,-13470913.393085
p88,2020,-13255975.337365
p88,2023,-6435819.313199
p88,2026,-6832899.903479
p88,2029,-1447422.073722
p88,2032,-5220908.850958
p88,2035,-13625809.71176
p88,2038,-17210550.474301
p88,2041,-20672915.544924
p88,2044,-30176214.579018
p88,2047,-40422753.879641
p88,2050,-43772345.166263
p89,2010,-31202833.167909
p89,2015,-8457278.654152
p89,2020,-8065297.355381
p89,2023,-13823590.937305
p89,2026,-11168609.500749
p89,2029,-9591324.867422
p89,2032,-11062926.388129
p89,2035,-9130654.810854
p89,2038,-7554653.826327
p89,2041,-6778936.5922
p89,2044,-2707898.527102
p89,2047,1072397.381345
p89,2050,1730407.210674
p90,2010,-2780141.3339
p90,2015,-19006279.963303
p90,2020,-23878586.527428
p90,2023,-6121826.391716
p90,2026,-1532623.36112
p90,2029,-1637087.308744
p90,2032,206428.322319
p90,2035,888479.077121
p90,2038,-3143005.256621
p90,2041,-10199267.803037
p90,2044,-14602884.51389
p90,2047,-15444227.316231
p90,2050,-13095425.111157
p91,2010,5611296.937741
p91,2015,6899038.473053
p91,2020,6008897.479131
p91,2023,6198197.192426
p91,2026,3603523.36668
p91,2029,2402644.283246
p91,2032,423345.901236
p91,2035,530427.578949
p91,2038,191683.355097
p91,2041,2344721.035659
p91,2044,3496771.825089
p91,2047,3625263.58515
p91,2050,5332692.197501
p92,2010,8794642.236333
p92,2015,13213833.954864
p92,2020,9739696.44607
p92,2023,15057604.535645
p92,2026,6176837.678473
p92,2029,481329.248698
p92,2032,13977095.871288
p92,2035,6510066.468229
p92,2038,10716957.476917
p92,2041,10452981.830213
p92,2044,16703607.237117
p92,2047,22434315.143202
p92,2050,20479980.986656
p93,2010,2261049.346584
p93,2015,2364046.855083
p93,2020,4455742.675135
p93,2023,5583010.816113
p93,2026,6047913.540685
p93,2029,7073464.447257
p93,2032,-4307918.50742
p93,2035,-10434044.940197
p93,2038,-11076700.202719
p93,2041,-11531647.525557
p93,2044,-11125876.919911
p93,2047,-15041047.706946
p93,2050,-14537035.411209
p94,2010,9330372.993905
p94,2015,18552202.106011
p94,2020,24785281.227428
p94,2023,7470556.352341
p94,2026,3641053.318589
p94,2029,8896168.561893
p94,2032,14394713.034122
p94,2035,26923328.387568
p94,2038,35840587.118376
p94,2041,48835318.039502
p94,2044,55164634.200093
p94,2047,64135843.959223
p94,2050,72514808.356187
p95,2010,-13296048.324012
p95,2015,-15310059.576791
p95,2020,-23299849.791775
p95,2023,-13631680.244705
p95,2026,-14217591.226218
p95,2029,-15247250.74616
p95,2032,-22126480.460196
p95,2035,-27279416.300786
p95,2038,-29494270.061359
p95,2041,-32109957.644305
p95,2044,-33595750.63177
p95,2047,-34394143.013216
p95,2050,-36427103.001752
p96,2010,-1076520.407451
p96,2015,886551.509936
p96,2020,720689.729413
p96,2023,-376729.571942
p96,2026,123643.687959
p96,2029,228178.418274
p96,2032,-464703.561319
p96,2035,-2490710.581568
p96,2038,-3405451.202714
p96,2041,-7279901.363765
p96,2044,-7224696.736735
p96,2047,-7502125.096753
p96,2050,-4240049.094451
p97,2010,7525857.241841
p97,2015,5190864.933023
p97,2020,15230434.242312
p97,2023,-1319066.158115
p97,2026,3842912.918644
p97,2029,8717252.663261
p97,2032,15484922.339123
p97,2035,25793590.38955
p97,2038,29203749.423692
p97,2041,30680037.189603
p97,2044,29129484.370661
p97,2047,26499768.052042
p97,2050,16784505.309991
p98,2010,9435692.026904
p98,2015,4879303.938805
p98,2020,4080845.491581
p98,2023,-525200.251861
p98,2026,-1196822.644259
p98,2029,-6653070.417961
p98,2032,-2724723.086088
p98,2035,-8832103.260357
p98,2038,-12341641.341855
p98,2041,-17067170.014493
p98,2044,-19029611.950344
p98,2047,-24883335.49549
p98,2050,-26036186.581247
p99,2010,31834675.055232
p99,2015,52711977.475874
p99,2020,32120320.271983
p99,2023,33231843.665725
p99,2026,44500904.413843
p99,2029,81461441.542199
p99,2032,115684075.555633
p99,2035,131922648.625077
p99,2038,141035670.000968
p99,2041,146862069.182128
p99,2044,146371719.03595
p99,2047,183507609.586079
p99,2050,192137940.212668
p100,2010,3103614.4485
p100,2015,-1362720.496089
p100,2020,-2854996.35021
p100,2023,-3356591.845451
p100,2026,-4605159.145844
p100,2029,-2842605.822277
p100,2032,-15909033.340348
p100,2035,-15010062.768419
p100,2038,-25020978.376736
p100,2041,-27397739.977038
p100,2044,-28246833.794275
p100,2047,-27341744.798405
p100,2050,-27212673.091067
p101,2010,-695220.030341
p101,2015,2521001.033742
p101,2020,2083529.138793
p101,2023,425219.350772
p101,2026,413530.278259
p101,2029,-363192.077716
p101,2032,-4697125.690301
p101,2035,-6656746.57825
p101,2038,-10486969.085839
p101,2041,-10208917.017191
p101,2044,-11258626.999278
p101,2047,-14031934.226723
p101,2050,-14561676.978654
p102,2010,2960088.736858
p102,2015,-2579421.27244
p102,2020,-2038983.569024
p102,2026,21775.09292
p102,2029,278678.399904
p102,2032,4116477.714758
p102,2035,6454197.658772
p102,2038,10071293.385436
p102,2041,9499496.132918
p102,2044,10956106.011104
p102,2047,13618007.0178
p102,2050,16253310.019543
p103,2010,10322937.935615
p103,2015,379156.900054
p103,2020,2945912.729538
p103,2023,16587989.246086
p103,2026,21017272.083493
p103,2029,22543618.499436
p103,2032,15136068.882911
p103,2035,15267442.220903
p103,2038,11652291.007904
p103,2041,7676240.987886
p103,2044,9847074.114469
p103,2047,5990637.547587
p103,2050,7533004.021223
p104,2010,-14978029.544656
p104,2015,-19553205.199945
p104,2020,-20190577.615761
p104,2023,-14119786.318642
p104,2026,-20816659.906403
p104,2029,-20833142.743667
p104,2032,-19307569.86517
p104,2035,-16957961.292493
p104,2038,-19775535.483149
p104,2041,-19014330.628924
p104,2044,-20085230.848787
p104,2047,-21564629.971645
p104,2050,-21196114.101548
p105,2010,28857185.278449
p105,2015,32181826.660038
p105,2020,29796790.802314
p105,2023,27956660.937652
p105,2026,21826081.692747
p105,2029,-736838.932806
p105,2032,-30770889.104023
p105,2035,-25799035.088749
p105,2038,-19171307.762184
p105,2041,-12386893.371769
p105,2044,-15442758.386303
p105,2047,-12554214.368597
p105,2050,-8554797.434632
p106,2010,16763313.1353
p106,2015,15477210.145065
p106,2020,10639747.438327
p106,2023,15743460.085537
p106,2026,16067980.010343
p106,2029,17025236.643123
p106,2032,18044575.961408
p106,2035,19136767.083188
p106,2038,19608772.263143
p106,2041,20528787.920424
p106,2044,20171863.750705
p106,2047,19115898.117327
p106,2050,16375516.405232
p107,2010,-50685627.130899
p107,2015,-14153802.139019
p107,2020,4160097.046573
p107,2023,-16798504.054643
p107,2026,-13335813.613861
p107,2029,-10991679.353489
p107,2032,-18716231.71507
p107,2035,-21604494.482152
p107,2038,-21228647.274387
p107,2041,-30580919.948114
p107,2044,-30154645.536142
p107,2047,-36790007.436471
p107,2050,-42899096.649412
p108,2010,-3916003.58535
p108,2015,6540267.4635
p108,2020,-576842.910303
p108,2023,1607378.987789
p108,2026,112330.619609
p108,2029,2244113.656903
p108,2032,4703633.259248
p108,2035,-4708323.705545
p108,2038,-7031107.377154
p108,2041,-8027832.172054
p108,2044,-12271604.207969
p108,2047,-15724352.864262
p108,2050,-16504299.844035
p109,2010,10368737.951544
p109,2015,-11566746.837831
p109,2020,-13557165.245147
p109,2023,-1008631.662409
p109,2026,1419448.800778
p109,2029,-8317320.509657
p109,2032,-2018400.610211
p109,2035,-14063428.449006
p109,2038,-13077292.997577
p109,2041,-9706721.571302
p109,2044,-8469469.114974
p109,2047,-9241738.053556
p109,2050,-4507470.379539
p110,2010,897992.535
p110,2015,3165276.693427
p110,2020,1670903.57269
p110,2023,4853112.6816
p110,2026,4602239.435622
p110,2029,4698426.413287
p110,2032,4322372.761421
p110,2035,4210362.966547
p110,2038,3016948.959557
p110,2041,3852504.867596
p110,2044,3712966.036654
p110,2047,1458313.29856
p110,2050,-1027867.912609
p111,2010,16904876.40756
p111,2015,21429713.910251
p111,2020,6431033.254094
p111,2023,6901401.291329
p111,2026,1694103.898246
p111,2029,-6785021.251739
p111,2032,1852451.686514
p111,2035,4617855.988704
p111,2038,12349585.335312
p111,2041,11428081.041225
p111,2044,15859201.2903
p111,2047,12430967.280632
p111,2050,8558367.558442
p112,2010,-45606956.694759
p112,2015,-55718546.76207
p112,2020,-16258466.608917
p112,2023,-28947395.478718
p112,2026,-28333276.083416
p112,2029,-32116884.981475
p112,2032,-22784219.517304
p112,2035,-48880631.307152
p112,2038,-58379304.289614
p112,2041,-47159012.896416
p112,2044,-61071375.065798
p112,2047,-56459664.523879
p112,2050,-60241634.424714
p113,2010,12470880.995022
p113,2015,14259680.639608
p113,2020,13473141.951186
p113,2023,14428881.402247
p113,2026,14474193.756622
p113,2029,9659031.472927
p113,2032,3362758.758086
p113,2035,-14089019.469073
p113,2038,-26243046.587721
p113,2041,-27225692.549437
p113,2044,-26226666.978112
p113,2047,-26682644.90404
p113,2050,-26137058.851613
p114,2010,-1440831.250077
p114,2015,6685266.947556
p114,2020,3067342.212353
p114,2023,15045860.375423
p114,2026,16613488.391567
p114,2029,20230570.19621
p114,2032,13261290.440592
p114,2035,17328188.179855
p114,2038,21637384.441198
p114,2041,22852783.831712
p114,2044,25134402.13162
p114,2047,24111546.578985
p114,2050,25082390.217275
p115,2010,-37900705.39494
p115,2015,-27788769.878338
p115,2020,-10802851.287423
p115,2023,-4944611.592076
p115,2026,-9966442.526023
p115,2029,-6745502.238999
p115,2032,-14704107.45267
p115,2035,-10190273.923982
p115,2038,-13058212.894425
p115,2041,-10361251.222757
p115,2044,-10030344.723793
p115,2047,-9657825.901993
p115,2050,-12112442.417343
p116,2010,-25934658.210873
p116,2015,-40392441.180915
p116,2020,-14057733.55447
p116,2023,-14957556.828957
p116,2026,-13273176.915701
p116,2029,-28874390.124835
p116,2032,-24807252.853185
p116,2035,-21837453.393957
p116,2038,-19493172.651747
p116,2041,-15982532.657299
p116,2044,-8878317.42653
p116,2047,-1880416.365997
p116,2050,6138455.255897
p117,2010,-19715080.449199
p117,2015,-18406322.22899
p117,2020,-5641663.983827
p117,2023,-7565934.907938
p117,2026,-9055572.861912
p117,2029,-9549347.262981
p117,2032,-6208883.156651
p117,2035,-1821854.19131
p117,2038,-681873.452164
p117,2041,-1202227.850531
p117,2044,-2889555.830472
p117,2047,2698722.071081
p117,2050,8604204.062585
p118,2010,18532390.06284
p118,2015,20193464.743166
p118,2020,21244833.144094
p118,2023,18752208.832357
p118,2026,27681956.844982
p118,2029,31388065.15635
p118,2032,36770372.614828
p118,2035,38684245.215719
p118,2038,37371685.497134
p118,2041,28816690.401719
p118,2044,27379041.674431
p118,2047,26808239.70967
p118,2050,26708965.229167
p120,2010,2143148.5518
p120,2015,2080130.851013
p120,2020,1898314.303373
p120,2023,1782718.730275
p120,2026,-370881.002753
p120,2029,-592786.13879
p120,2032,-3569297.095649
p120,2035,-3415658.61494
p120,2038,-3256260.917218
p120,2041,-3108385.424387
p120,2044,-3172381.712766
p120,2047,-4223465.395004
p120,2050,-7079479.597082
p121,2010,6177932.960004
p121,2015,6004439.728662
p121,2020,5423670.71536
p121,2023,5398860.211006
p121,2026,1181260.142335
p121,2029,2349481.321719
p121,2032,1637535.027797
p121,2035,952550.995118
p121,2038,18339.752865
p121,2041,-488527.167336
p121,2044,-1128588.189948
p121,2047,-1577673.159225
p121,2050,-1935092.546175
z122,2010,-31137398.253289
z122,2015,-56014443.38231
z122,2020,-101392855.380083
z122,2023,-91519219.19083
z122,2026,-101810891.787621
z122,2029,-97846888.589757
z122,2032,-82569884.495202
z122,2035,-70521203.367247
z122,2038,-71335743.012856
z122,2041,-77796557.122813
z122,2044,-81484847.241456
z122,2047,-88306348.019553
z122,2050,-92577348.762784
p123,2010,37862889.210908
p123,2015,48624768.706169
p123,2020,34708565.791711
p123,2023,37809200.224972
p123,2026,37431721.325094
p123,2029,37353205.381418
p123,2032,20991144.860081
p123,2035,27802414.535887
p123,2038,33354936.800067
p123,2041,38495206.061118
p123,2044,42802824.835617
p123,2047,17431544.203987
p123,2050,12213568.428725
p124,2010,277246.106208
p124,2015,277246.106208
p124,2020,169955.572098
p124,2023,215708.98648
p124,2026,-212308.466232
p124,2029,-76501.590965
p124,2032,-1660374.791637
p124,2035,-2797472.647783
p124,2038,-2794778.262434
p124,2041,-2830631.555018
p124,2044,-2830076.32719
p124,2047,-2869781.957094
p124,2050,-2787770.976727
p125,2010,9741455.183352
p125,2015,10451753.613936
p125,2020,10049278.451842
p125,2023,1536496.436731
p125,2026,505853.902301
p125,2029,-29722.231226
p125,2032,-2201731.010509
p125,2035,-5202046.182094
p125,2038,-5349414.578649
p125,2041,-6461384.089548
p125,2044,-5124163.439926
p125,2047,-7315212.612255
p125,2050,-7621530.844535
p126,2010,29969897.192184
p126,2015,22354688.534439
p126,2020,25109003.097531
p126,2023,19989341.369852
p126,2026,18373114.996029
p126,2029,22179486.408056
p126,2032,20001145.181669
p126,2035,30988666.32053
p126,2038,29978897.876712
p126,2041,35782212.405874
p126,2044,40823866.550007
p126,2047,26760741.548701
p126,2050,27283181.073286
p127,2010,1039329.612727
p127,2015,7703362.868359
p127,2020,1374419.367878
p127,2023,4559884.22981
p127,2026,-7222341.305857
p127,2029,-12586228.681108
p127,2032,-3997265.333369
p127,2035,-2268286.95408
p127,2038,4373928.162783
p127,2041,-7739019.312959
p127,2044,-6854318.130496
p127,2047,2157452.733817
p127,2050,1031767.331985
p128,2010,10234545.652565
p128,2015,10239571.722965
p128,2020,10237654.573734
p128,2023,10294548.687463
p128,2026,9292838.866085
p128,2029,7359728.244939
p128,2032,1062650.127505
p128,2035,179177.94331
p128,2038,611567.470895
p128,2041,1426561.342399
p128,2044,2362817.128837
p128,2047,2127411.24166
p128,2050,2769106.929773
p129,2010,-10276845.248162
p129,2015,-11523293.762438
p129,2020,-12727957.477303
p129,2023,-12449009.485524
p129,2026,-11934926.105855
p129,2029,-9825102.55189
p129,2032,-12755752.214617
p129,2035,-15389414.126022
p129,2038,-13233736.252764
p129,2041,-10947120.127637
p129,2044,-11030476.55541
p129,2047,-11440862.142496
p129,2050,-12362468.348228
p130,2010,-5696150.304983
p130,2015,-4022226.856246
p130,2020,-1421573.973074
p130,2023,-585643.957009
p130,2026,-1390688.20565
p130,2029,61163.271784
p130,2032,-1262815.717331
p130,2035,-3692070.623387
p130,2038,-2294008.754759
p130,2041,-2023251.645847
p130,2044,-1253096.514061
p130,2047,-1892806.932885
p130,2050,-1434893.218384
p131,2010,14765125.412185
p131,2015,21932761.400089
p131,2020,27103092.697585
p131,2023,27110347.122993
p131,2026,34099518.902585
p131,2029,35731139.800587
p131,2032,32797904.246449
p131,2035,37408127.039886
p131,2038,36287974.608087
p131,2041,26979364.105441
p131,2044,24762967.544559
p131,2047,25560601.743861
p131,2050,22601924.202586
p132,2010,-3500120.77642
p132,2015,-7463873.957776
p132,2020,-19237055.763775
p132,2023,-18376295.672539
p132,2026,-17966683.242794
p132,2029,-15793147.237248
p132,2032,-12462059.86356
p132,2035,-8825902.986559
p132,2038,-9142381.817297
p132,2041,-8237739.937539
p132,2044,-7187012.216259
p132,2047,-5687034.073415
p132,2050,-3435466.568933
p133,2010,1436594.247083
p133,2015,790119.002277
p133,2020,3827336.269777
p133,2023,2735643.054869
p133,2026,3703247.351836
p133,2029,2113367.579235
p133,2032,-1534383.925635
p133,2035,-159511.220604
p133,2038,-1349792.090841
p133,2041,-1754151.681862
p133,2044,-1751780.18525
p133,2047,-1738138.555883
p133,2050,-1417363.531587
p134,2010,3547862.078691
p134,2015,3215830.773328
p134,2020,2200385.283863
p134,2023,-465940.641939
p134,2026,-1545102.637507
p134,2029,-5224717.997141
p134,2032,-4338067.016326
p134,2035,-5849996.824786
p134,2038,-8744407.191574
p134,2041,-6181785.56677
p134,2044,-5951267.587786
p134,2047,-6430798.103384
p134,2050,-5849008.564163
